CLDECP|CLFACP|CDAGE|RASCL|RASC2|INDCL|LOCCL|PROCL|CCAPCP|PAIVCP|CDLIN|CDLIS|TPIVA|SCONTO
ANGERGUT|ANGERGUT|03|ANGERGUT|DES MITTERER TOBIAS ANDREAS|ALTE STRASSE, 1 B|KASTELBELL|BZ|39020|03109020218||01|N||
AQUAFOR|AQUAFOR|03|AQUA FORUM BAR BISTRO PIZZERIA|USEINI TAIP|MARKTSTR. 48|LATSCH|BZ|39021|02418090219|1|01|N||
BILDUNGS|BILDUNGS|03|CATERING SERVICE|OBERHOFER MARIALUISE|KATHARINABERG, 48|SCHNALS|BZ|39020|01119920211||01|N||
BRUGG|BRUGG|03|RADTREFF FISCHTEICH BRUGG|SCHATZER MARTIN|FISCHTEICH BRUGG, 10|SCHLANDERS|BZ|39028|03085090219||01|N||
DORFWIRT|DORFWIRT|03|DORFWIRT|KOXHA FLORIAN|HAUPTSTR. 35|LATSCH|BZ|39021|03248190211||01|N||
EMPORI01|EMPORI01|03|EMPORIUM GENOSSENSCHAFT|CIG: Z5E261D6E7 - COD: 100.026|INNSBRUCKERSTRASSE, 23|BOZEN|BZ|39100|02607440217|||N||
EMPORI60|EMPORI60|03|EMPORIUM GENOSSENSCHAFT|CIG: ZD2297D767 KD.NR. 501108|INNSBRUCKERSTRASSE, 23|BOZEN|BZ|39100|02607440217|||N||
EMPORI61|EMPORI61|03|EMPORIUM GENOSSENSCHAFT|CIG: ZD2297D767 KD.NR. 502108|INNSBRUCKERSTRASSE, 23|BOZEN|BZ|39100|02607440217|||N||
EMPORI62|EMPORI62|03|EMPORIUM GENOSSENSCHAFT|CIG: ZD2297D767 KD.NR. 504108|INNSBRUCKERSTRASSE, 23|BOZEN|BZ|39100|02607440217|||N||
EMPORI63|EMPORI63|03|EMPORIUM GENOSSENSCHAFT|CIG: ZD2297D767 KD.NR. 505108|INNSBRUCKERSTRASSE, 23|BOZEN|BZ|39100|02607440217|||N||
EMPORI64|EMPORI64|03|EMPORIUM GENOSSENSCHAFT|CIG: ZD2297D767 KD.NR. 506108|INNSBRUCKERSTRASSE, 23|BOZEN|BZ|39100|02607440217|||N||
EMPORI65|EMPORI65|03|EMPORIUM GENOSSENSCHAFT|CIG: ZD2297D767 KD.NR. 507108|INNSBRUCKERSTRASSE, 23|BOZEN|BZ|39100|02607440217|||N||
EMPORISC|EMPORISC|03|EMPORIUM GENOSSENSCHAFT|CIG: ZD2297D767 KD.NR. 503108|INNSBRUCKERSTRASSE, 23|BOZEN|BZ|39100|02607440217|||N||
FANTAZY|FANTAZY|03|STREETFOOD FANTAZY|MOUZONI LAHSEN|GERICHTSTRASSE, 5|SCHLANDERS|BZ|39028|02464350210||01|N||
FORCHE01|FORCHE01|03|WEINHANDLUNG FORCHER|JOHANN FORCHER|STAATSSTRASSE, 47|KASTELBELL-GALSAUN|BZ|39020|00891790214||01|N||
FREIBA01|FREIBA01|03|MARKTGEMEINDE SCHLANDERS||HAUPTSTRASSE, 120|SCHLANDERS|BZ|39028|01095160212||01|N|02800|
FREIBAD|FREIBA01|03|FREIBAD SCHLANDERS||SCHWIMMBADSTRASSE, 12|SCHLANDERS|BZ|39028|01095160212||01|N||
GAMPER04|GAMPER04|03|KANONIKUS MICHAEL GAMPERWERK|SCHÜLERHEIM DR. KARL TINZL|KAPUZINERWEG, 7|SCHLANDERS|BZ|39028|00631520210||01|N||
GEMEIN34|GEMEIN34|03|GEMEINDE LAAS|CIG:Z3415098C9|VINSCHGAUSTRASSE, 52|LAAS|BZ|39023|00848050217||01|N||
GLINDE|GLINDE01|03|PARKHOTEL ZUR LINDE GMBH||GÖFLANERSTRASSE,35|SCHLANDERS|BZ|39028|01389380211||03|N|00500|
GLINDE01|GLINDE01|03|G.E.S. GMBH| LÖWECENTER|EISACKSTRASSE, 1|VAHRN|BZ|39040|01389380211||01|N|00200|
GOLDEN01|GOLDEN01|03|HOTEL GOLDENE ROSE|WIELANDER THOMAS|HAUPTSTRASSE, 73|SCHLANDERS|BZ|39028|02654510219||01|N||
GSTIRNER|GSTIRNER|03|GASTH. PENS. GSTIRNERHOF|GSTIRNER CHRISTINE|SPINEIDSTR. 5|KASTELBELL TSCHARS|BZ|39020|01485390213||01|N||
GUFLER|GUFLER|03|CAFE' GUFLER|KIEM ANDREA|MARCONISTRASSE, 4|SCHLANDERS|BZ|39028|03297460218||01|N||
HAUSHALT|HAUSHA01|03|FACHSCHULE FÜR HAUSWIRTSCHAFT UND|ERNÄHRUNG KORTSCH|SCHMIEDGASSE, 8|KORTSCH/SCHLANDERS 603138|BZ|39028|02607440217|||N|01880|
HJAGDH02|HJAGDH03|03|HOTEL JAGDHOF GMBH||HERRENGASSE, 15|LATSCH|BZ|39021|01342330212||03|N||
HJAGDH03|HJAGDH03|03|HOGAST ITALIEN EINKAUFSGEN.|FÜR DAS HOTEL- UND GASTGEWERBE|SCHLACHTHOFSTRASSE, 53-B|BOZEN|BZ|39100|01342330212||01|N||
HLEBEN01|HLEBEN01|03|HOGAST ITALIEN EINKAUFSGEN.|FÜR DAS HOTEL- UND GASTGEWERBE|SCHLACHTHOFSTRASSE, 53-B|BOZEN|BZ|39100|01342330212|||N||
HLEBENSH|HLEBEN01|03|ZENTRUM MIT BEHINDERUNG|LEBENSVERBAND LEBENSHILFE|DR. KARL TINZL STRASSE, 12|SCHLANDERS|BZ|39028|01342330212||02|N||
HPARAD04|HPARAD05|03|HOTEL PARADIES GMBH||QUELLENWEG, 12|LATSCH|BZ|39021|01342330212|1|03|N||
HPARAD05|HPARAD05|03|HOGAST ITALIEN EINKAUFSGEN.|FÜR DAS HOTEL- UND GASTGEWERBE|SCHLACHTHOFSTRASSE, 53-B|BOZEN|BZ|39100|01342330212||03|N||
HVINSC01|HVINSC01|03|HOGAST ITALIEN EINKAUFSGEN.|FÜR DAS HOTEL- UND GASTGEWERBE|SCHLACHTHOFSTRASSE, 53-B|BOZEN|BZ|39100|01342330212||01|N||
HVINSCHG|HVINSC01|03|VINSCHGERHOF KG|DES MANFRED PINZGER|VEZZAN, 37|SCHLANDERS|BZ|39028|01342330212||03|N||
JOLLY|JOLLY|03|PIZZERIA JOLLY|USEINI SIRAFAT|MARKTSTRASSE, 1|LATSCH|BZ|39021|02907760215|1|01|N||
JOLLY01|JOLLY01|03|BAR CAFE JOLLY|CERVENAKOVA MIROSLAVA|MARKTSTRASSE,1|LATSCH|BZ|39021|02689140214||01|N||
KESSLWIR|KESSLWIR|03|HOTEL KESSLWIRT|GURSCHLER VGMBH|TOMBERGWEG, 4|KASTELBELL - TSCHARS|BZ|39020|03074940218||01|N||
KIEM|KIEM01|03|METZGEREI KIEM GMBH||STAATSSTRASSE, 13|KASTELBELL|BZ|39020|02927310215||01|N||
KINDER31|KINDER31|03|KINDERGARTEN MORTER||NIEBELUNGENSTRASSE, 30|MORTER|BZ|39020|00396990210||01|N||
KINDER55|KINDER55|03|KINDERGARTEN LATSCH||HAUPTSTRASSE, 61|LATSCH|BZ|39021|00396990210||01|N||
KINDER60|EMPORI60|03|KINDERGARTEN KORTSCH|GEMEINDE SCHLANDERS 501108|ÄGIDUSWEG, 2 FRAKTION KORTSCH|SCHLANDERS|BZ|39028|02607440217|||N|02280|
KINDER61|EMPORI61|03|KINDERGARTEN GÖFLAN|GEMEINDE SCHLANDERS 502108|MARIAN TUMLER, 12|SCHLANDERS|BZ|39028|02607440217|||N|02280|
KINDER62|EMPORI62|03|DEUTSCHER KINDERGARTEN|GEMEINDE SCHLANDERS 504108|KARL SCHÖNHERR STR. 21|SCHLANDERS|BZ|39028|02607440217|||N|02280|
KINDER63|EMPORI63|03|ITALIENISCHER KINDERGARTEN|GEMEINDE SCHLANDERS 505108|HAUPTSTRASSE, 142|SCHLANDERS|BZ|39028|02607440217|||N|02280|
KINDER64|EMPORI64|03|DEUTSCHER KINDERGARTEN SOMMERKG|MARKTGEMEINDE SCHLANDERS|KARL SCHÖNHERR STR. 21|SCHLANDERS|BZ|39028|02607440217|||N|02280|
KINDER65|EMPORI65|03|ITALIENISCHER KINDERGARTEN SOMMERKG|MARKTGEMEINDE SCHLANDERS|HAUPTSTRASSE, 142|SCHLANDERS|BZ|39028|02607440217|||N|02280|
KNOFELKE|KNOFELKE|03|JAUSENSTATION KNOFELKELLER KG|DER MÜLLER CLAUDIA & CO. KG|ST. MEDARDUSWEG, 34|TARSCH BEI LATSCH|BZ|39021|02714570211||01|N||
KOCHENMO|KOCHENMO|03|BAD KOCHENMOOS|KOSTADINOVSKI GOGE|STABEN, 3|NATURNS|BZ|39025|02642830216||01|N||
KONSUMVE|KONSUMVE|03|KONSUMGENOSSENSCHAFT|LAAS GEN.M.B.H.|VINSCHGAUERSTRASSE, 49|LAAS|BZ|39023|00121880215||03|N||
KRONE02|KRONE02|03|GASTHAUS KRONE - HAUSER|ELISABETH & GEICK ENRICO OHG|FELIUSSTRASSE, 64|LAAS|BZ|39023|02792300218||01|N||
KUPPELRA|KUPPELRA|03|GASTHOF KUPPELRAIN KG|SONIA EGGER & JÖRG TRAFOIER|BAHNHOFSTRASSE, 16|KASTELBELL|BZ|39020|01299540219||01|N||
LATSCH01|LATSCH01|03|LATSCHER ALM|HOLZKNECHT JESSICA|VALTNEIDWEG, 140|LATSCH|BZ|39021|03209570211||01|N||
LATSCH03|LATSCH03|03|LATSCHER SKICENTER SRL|||LATSCH|BZ|39021|00205430218||01|N||
LATSCHER|LATSCHER|03|LATSCHERHOF OHG|DES KIEM WERNER & CO.|LATSCH|LATSCH|BZ|39021|01395790213||01|N|00700|
LAURIN|LAURIN|03|GASTHAUS LAURIN|HEINZ BERNHART|VINSCHGAUERSTRASSE,7|GOLDRAIN|BZ|39020|01256070218||01|N||
LAVENOST|LAVENOST|03|LA VENOSTANA|D. LAIMER VALENTIN|GÖFLANERSTRASSE, 18|SCHLANDERS|BZ|39028|00768400210||01|N||
LEGGERI|LEGGERI|03|METZGEREI LEGGERI|KURT & ROBERT OHG|HAUPTSTRASSE, 109|SCHLANDERS|BZ|39028|01410380214||01|N||
MARKTG01|MARKTG01|03|KINDERGARTEN GOLDRAIN|MARKTGEM.LATSCH|HAUPTPLATZ, 6|LATSCH|BZ|39021|00396990210||01|N||
MARTIN01|MARTIN01|03|HOTEL REST. MARIA THERESIA|D. TAPPEINER N. & CO. KG|STAATSSTRASSE, 15|SCHLANDERS|BZ|39028|01498160215||01|N||
MATHILDA|MATHILDA|03|RESIDENCE MATHILDA|FAM. TSCHENETT|DORFSTRASSE, 14 VETZAN|SCHLANDERS|BZ|39028|00373470210||01|N||
ORTLER02|ORTLER02|03|GELATERIA ORTLER|ROSMARIE FERLITO|VIA COVELANO, 13|SILANDRO|BZ|39028|03063430213||01|N||
PANORA01|PANORA01|03|GENUSSHOTEL PANORAMA|DER RAFFEINER JASMINE|ALTE STRAßE 18|KASTELBELL-TSCHARS|BZ|39020|02853830210||01|N||
PBAMBO01|PBAMBO01|03|GASTRO-POOL ITALIEN GMBH||SCHLACHTHOFSTRASSE, 53-B|BOZEN|BZ|39100|02616790214||02|N||
PBAMBOO|PBAMBO01|03|BAMBOO KG|STRICKER SANDRA & C.|SCHANZENSTRASSE, 5|GOLDRAIN|BZ|39021|02616790214||02|N||
PBAR|PBAR01|03|HOTEL VERMOI KG CAMPING BAR|D. RINNER THOMAS & CO.|REICHSTRASSE, 4|LATSCH|BZ|39021|02616790214||02|N||
PBAR01|PBAR01|03|GASTRO-POOL ITALIEN GMBH||SCHLACHTHOFSTRASSE, 53-B|BOZEN|BZ|39100|02616790214||02|N||
PBIERK01|PBIERK01|03|GASTRO-POOL ITALIEN GMBH||SCHLACHTHOFSTRASSE, 53-B|BOZEN|BZ|39100|02616790214||02|N||
PBIERKEL|PBIERK01|03|BIERKELLER LATSCH|ANTON RINNER & CO. KG|VALTNEIDWEG, 2|LATSCH|BZ|39021|02616790214||02|N||
PGESCH01|PGESCH01|03|GASTRO-POOL ITALIEN GMBH||SCHLACHTHOFSTRASSE, 53-B|BOZEN|BZ|39100|02616790214||02|N||
PGESCHAF|PGESCH01|03|HOTEL VERMOI KG GESCHÄFT CAMPING|D. RINNER THOMAS & CO.|REICHSTRASSE, 4|LATSCH|BZ|39021|02616790214||02|N||
PGOLDE04|PGOLDE05|03|HOTEL GOLDENER LÖWE|MARKUS WIESER & CO.KG|DANTESTRASSE, 6|SCHLANDERS|BZ|39020|02616790214||02|N||
PGOLDE05|PGOLDE05|03|GASTRO-POOL ITALIEN GMBH||SCHLACHTHOFSTRASSE, 53-B|BOZEN|BZ|39100|02616790214||02|N||
PMARTI01|PMARTI01|03|GASTRO-POOL ITALIEN GMBH||SCHLACHTHOFSTRASSE, 53-B|BOZEN|BZ|39100|02616790214||02|N||
PMARTIN|PMARTI01|03|PENSION MARTIN|MARTIN KG ROBERT MARTIN &CO.KG|HOFERGASSE, 14 - MORTER|LATSCH|BZ|39021|02616790214||02|N||
PMONTA02|PMONTA03|03|RESIDENCE MONTANI GMBH|FUCHS KAROLINE|PLAFATWEG, 14-16|LATSCH|BZ|39021|02616790214||02|N||
PMONTA03|PMONTA03|03|GASTRO-POOL ITALIEN GMBH||SCHLACHTHOFSTRASSE, 53-B|BOZEN|BZ|39100|02616790214||02|N||
PSENNE03|PSENNE04|03|BÄCKEREI KONDITOREI LATSCH||HAUPTSTRASSE, 47/A|LATSCH|BZ|39025|00740950217||01|N||
PSENNE04|PSENNE04|03|BÄCKEREI KONDITOREI PSENNER GMBH||HAUPTSTRASSE, 63|NATURNS|BZ|39025|00740950217||01|N||
PSENNE05|PSENNE06|03|BÄCKEREI KONDITOREI SCHLANDERS||HAUPTSTRASSE, 96|SCHLANDERS|BZ|39028|00740950217||01|N||
PSENNE06|PSENNE06|03|BÄCKEREI KONDITOREI PSENNER GMBH||HAUPTSTRASSE, 63|NATURNS|BZ|39025|00740950217||01|N||
PTANJA|PTANJA01|03|HOTEL TANJA|TAPPEINER JOHANN & CO. KG|HAUPTSTRASSE, 84|LATSCH|BZ|39021|02616790214||02|N||
PTANJA01|PTANJA01|03|GASTRO-POOL ITALIEN GMBH||SCHLACHTHOFSTRASSE, 53-B|BOZEN|BZ|39100|02616790214||02|N||
PVERMO01|PVERMO01|03|GASTRO-POOL ITALIEN GMBH||SCHLACHTHOFSTRASSE, 53-B|BOZEN|BZ|39100|02616790214||02|N||
PVERMOI|PVERMO01|03|HOTEL CAMPING LATSCH KG|D. RINNER THOMAS|REICHSTRASSE, 4|LATSCH|BZ|39021|02616790214||02|N||
RATHAUS|RATHAUS|03|RATHAUSCAFE LATSCH|KASERER MARTIN|TENO TANZER STRASSE, 5|LATSCH|BZ|39021|02408290217||01|N||
RUNGG02|RUNGG03|03|FRISCHEZENTER RUNGG SCHLANDERS||VIA NAZIONALE, 7|SCHLANDERS|BZ|39028|00738950211||01|N||
RUNGG03|RUNGG03|03|MARKET RUNGG GMBH||HAUPTSTRASSE, 71|PRAD AM STILFSERJOCH|BZ|39026|00738950211||01|N||
SCHULA03|EMPORISC|03|SCHULMENSA MARKTGEMEINDE SCHLANDERS|503108|GERICHTSSTRASSE, 9|SCHLANDERS|BZ|39028|02607440217|||N|02280|
SCHWAR02|SCHWAR02|03|GASTH.PIZZ SCHWARZ.ADLER|D. SACHSALBER PETER|KORTSCH, 69|SCHLANDERS|BZ|39029|02317640213||01|N||
SEE|SEE|03|GASTHOF ZUM SEE|FLEISCHMANN MARCEL CO. KG|HINTERMARTELL, 207|MARTELL|BZ|39020|02359360217||01|N||
SILVIO|SILVIO01|03|WOLF SILVIO||WEIHERWEG, 6|LATSCH|BZ|39021|03172900213||01|N||
SILVIO01|SILVIO01|03|WOLF  SILVIO||DR. HEINRICH VOEGEL STR. 19 B INT 5|SCHLANDERS|BZ|39028|03172900213||01|N||
SOY|SOY|03|SOY ALM|KAUFMANN JOSEF|SCHLOSSWEG, 25|TIROL|BZ|39019|02670590211||01|N||
SPECKEGG|SPECKEGG|03|SAILER D. WALDER M. & CO KG|SPECKEGGELE / BAR CREMONA|HAUPTSTRASSE, 48|SCHLANDERS|BZ|39028|00738460211||01|N||
STAINER|STAINER|03|CAFE STAINER|DES LUDVIK ODSTRCILIK|DR. HEINRICH VÖGELE STRASSE, 14|SCHLANDERS|BZ|39028|02716250218||01|N||
TERRA|TERRA|03|RESTAURANT TERRA||ALTE STRASSE 21/A|KASTELBELL|BZ|39020|03210460212||01|N||
TSCHENGL|TSCHENGL|03|TSCHENGLSER LADELE|DER KONSUMGEN. LAAS GEN.M.B.H.|VINSCHGAUERSTRASSE, 49|LAAS|BZ|39023|00121880215||03|N||
VINSCHGE|VINSCHGE|03|ZONETREFF KG|SCHWIENBACHER ANDREAS & CO.|INDUSTRIEZONE, 51|LAAS|BZ|39023|02365060215||01|N||
VINZEN01|VINZEN01|03|SOZIALGENOSSENSCHAFT LOLA||BAHNHOFSTRASSE, 39|MALS|BZ|39024|03042080212||03|N|00500|
VINZENZH|VINZEN01|03|VINZENZHEIM SCHLANDERS||SCHLANDERSBURGSTRASSE, 1|SCHLANDERS|BZ|39028|03042080212||03|N|00500|
WURSTLST|WURSTLST|03|SCHLANDERSER WÜRSTLSTANDL|MALFERTHEINER RENATE|MARTIN TEIMER STRASSE, 22/A|SCHLANDERS|BZ|39028|02731140212||01|N||