CLDECP|CLFACP|CDAGE|RASCL|RASC2|INDCL|LOCCL|PROCL|CCAPCP|PAIVCP|CDLIN|CDLIS|TPIVA|SCONTO
ALPENFRI|ALPENFRI|04|GASTHOF HOTEL ALPENFRIEDE|KLÖCKNER SYLVIA & CO.OHG|LANGTAUFERS GSCHWELL 7|GRAUN|BZ|39027|01311350217||01|N||
ALPINOVA|ALPINOVA|04|ALPINOVA GMBH V.S.R.L.S.||TALAIWEG, 11/B|SAN VALENTINO ALLA MUTA|BZ|39027|03210730218|1|01|N||
AURAMONT|AURAMONT|04|AURAMONTE|ROMAN THEINER VGMBH|WALDWEG, 21|ST. VALENTIN GRAUN|BZ|39027|03152230219||01|N||
BRIGITTE|BRIGITTE|04|APARTHOTEL BURGUS|THÖNI LORENZ & BRIGITTE OHG|BURGEIS, 171|MALS|BZ|39024|00541100210||01|N||
CURNIS|CURNIS|04|CURNIS VALENTINO|LEBENSMITTEL|LANDSTR. 18|ST. VALENTIN A.D.H.|BZ|39020|00240910216||01|N||
ETSCHQUE|ETSCHQUE|04|HOTEL ETSCHQUELLE OHG|DES CALDI RICHARD & CO.|NEUDORF, 43|GRAUN RESCHEN|BZ|39027|02243740210||01|N||
FLORIAN|FLORIAN|04|PENSION FLORIAN|PUNT FLORIAN|BURGEIS,43|BURGEIS/MALS|BZ|39024|02685360212||01|N||
FOLIE|FOLIE|04|FOLIE VERENA||HAUPTSTRASSE 21/A|RESCHEN|BZ|39027|03093060212||01|N||
FOLIE01|FOLIE01|04|FOLIE GÜNTHER|LEBENSMITTEL WEINE|RESCHEN 32|RESCHEN|BZ|39027|00484580212||01|N||
FURSTE01|FURSTE03|04|SCHÜLERHEIM FÜRSTENBURG||BURGEIS, 7|MALS  103033|BZ|39024|02607440217|||N|01880|
FURSTE02|FURSTE02|04|EMPORIUM GENOSSENSCHAFT|CIG: Z7424A7144  COD: 601.138|INNSBRUCKERSTRASSE, 23|BOZEN|BZ|39100|02607440217|||N||
FURSTE03|FURSTE03|04|EMPORIUM GENOSSENSCHAFT|CIG: Z7424A7144  COD: 602.138|INNSBRUCKERSTRASSE, 23|BOZEN|BZ|39100|02607440217|||N||
GAPRES|GAPRES01|04|SCIURI APRES-SKI-LOKAL TALSTATION|SCHÖNEBEN - SCHÖNEBEN AG|ALTDORF, 39|RESCHEN|BZ|39027|01389380211||03|N|00500|
GAPRES01|GAPRES01|04|G.E.S. GMBH| LÖWECENTER|EISACKSTRASSE, 1|VAHRN|BZ|39040|01389380211||01|N|00200|
GERDA|GERDA|04|RESTAURANT GERDA OHG & CO.|D. FABI GERDA|BURGEIS, 65|MALS|BZ|39024|02430070215||01|N||
GHAIDER|GHAIDER0|04|HAIDERALM RESTAURANT LIFTSTATION|SCHÖNEBEN AG|ALTDORF, 39|RESCHEN|BZ|39027|01389380211||03|N|00500|
GIGLU|GIGLU01|04|IGLU APRES-SKI-LOKAL ST. VALENTIN|TALSTATION GONDELBAHN -SCHÖNEBEN AG|ALTDORF, 39|RESCHEN|BZ|39027|01389380211||03|N|00500|
GIGLU01|GIGLU01|04|G.E.S. GMBH| LÖWECENTER|EISACKSTRASSE, 1|VAHRN|BZ|39040|01389380211||01|N|00200|
GLETSCHE|GLETSCHE|04|BAR RESTAURANT GLETSCHERBLICK|PATSCHEIDER WILFRIED KG & CO.|KAPPL 1 - LANGTAUFERS|GRAUN I.V.|BZ|39027|02935740213||01|N||
GLEVEL|GLEVEL01|04|LEVEL APRES-SKI-LOKAL TALSTATION|SCHÖNEBEN - SCHÖNEBEN AG|ALTDORF, 39|RESCHEN|BZ|39027|01389380211||03|N|00500|
GLEVEL01|GLEVEL01|04|G.E.S. GMBH| LÖWECENTER|EISACKSTRASSE, 1|VAHRN|BZ|39040|01389380211||01|N|00200|
GSCHON01|GSCHON01|04|G.E.S. GMBH| LÖWECENTER|EISACKSTRASSE, 1|VAHRN|BZ|39040|01389380211||01|N|00200|
GSCHONEB|GSCHON01|04|SELF-SERVICE RESTAURANT SCHÖNEBEN|BERGSTATION - SCHÖNEBEN AG|ALTDORF, 39|RESCHEN|BZ|39027|01389380211||03|N|00500|
HAIDEBAR|HAIDEBAR|04|HAIDEPARK|THEODOR KUENRATH|BURGEIS, 138|MALS|BZ|39024|01482410212||01|N||
HGARBE01|HGARBE01|04|HOGAST ITALIEN EINKAUFSGEN.|FÜR DAS HOTEL- UND GASTGEWERBE|SCHLACHTHOFSTRASSE, 53-B|BOZEN|BZ|39100|01342330212|||N||
HGARBERH|HGARBE01|04|HOTEL GARBERHOF|POBITZER ARTUR & CO. OHG|STAATSSTRASSE, 25|MALS|BZ|39024|01342330212||02|N||
HGERST01|HGERST01|04|HOGAST ITALIEN EINKAUFSGEN.|FÜR DAS HOTEL- UND GASTGEWERBE|SCHLACHTHOFSTRASSE, 53-B|BOZEN|BZ|39100|01342330212||02|N||
HGERSTL|HGERST01|04|HOTEL GERSTL|DAS GERSTL GMBH|SCHLINIG, 4|MALS|BZ|39024|01342330212||02|N||
HHIRSC01|HHIRSC01|04|HOGAST ITALIEN EINKAUFSGEN.|FÜR DAS HOTEL- UND GASTGEWERBE|SCHLACHTHOFSTRASSE, 53-B|BOZEN|BZ|39100|01342330212||02|N||
HHIRSCHE|HHIRSC01|04|HOTEL GARNI ZUM HIRSCHEN|DES STECHER JOSEF|BAHNHOFSTRASSE, 2|MALS|BZ|39024|01342330212||02|N||
HRESCH01|HRESCH01|04|HOGAST ITALIEN EINKAUFSGEN.|FÜR DAS HOTEL- UND GASTGEWERBE|SCHLACHTHOFSTRASSE, 53-B|BOZEN|BZ|39100|01342330212||02|N||
HRESCHEN|HRESCH01|04|HOTEL AM RESCHENSEE|THE DILITZ COMPANY SRL|HAUPTSTRASSE, 14|RESCHEN|BZ|39027|01342330212||02|N||
HTRAUB01|HTRAUB01|04|HOGAST ITALIEN EINKAUFSGEN.|FÜR DAS HOTEL- UND GASTGEWERBE|SCHLACHTHOFSTRASSE, 53-B|BOZEN|BZ|39100|01342330212|||N||
HTRAUBEP|HTRAUB01|04|HOTEL TRAUBE POST|THEINER KARLHEINZ & CO. KG|CLAUDIA AUGUSTA STARSSE, 10|GRAUN IM VINSCHGAU|BZ|39027|01342330212||03|N||
HWATLE01|HWATLE01|04|HOGAST ITALIEN EINKAUFSGEN.|FÜR DAS HOTEL- UND GASTGEWERBE|SCHLACHTHOFSTRASSE, 53-B|BOZEN|BZ|39100|01342330212||01|N||
HWATLES|HWATLE01|04|HOTEL WATLES|ZIERNHELD GEORG|PRAEMAJUR, 49 SCHLINIG|MALS|BZ|39024|01342330212||03|N||
HWEISS02|HWEISS02|04|HOGAST ITALIEN EINKAUFSGEN.|FÜR DAS HOTEL- UND GASTGEWERBE|SCHLACHTHOFSTRASSE, 53-B|BOZEN|BZ|39100|01342330212||02|N||
HWEISSES|HWEISS02|04|HOTEL WEISSES KREUZ KG|D. THEINER MAIR CHRISTINA & C.|HAUPTPLATZ, 82|BURGEIS|BZ|39024|01342330212||02|N||
IMBISS|IMBISS|04|IMBISS TALSTATION|TOURISTIK & FREIZEIT GMBH|VIA S. BENEDIKT 1|MALS|BZ|39024|00155580210||01|N||
KOLLEMAN|KOLLEMAN|04|HOTEL ALPENJUWEL|KÖLLEMANN HELMUTH & CO. KG|LANGTAUFERS-MELAG 102|GRAUN/VINSCHGAU|BZ|39020|01200820213||01|N||
LAMPL|LAMPL|04|RESTAURANT PIZZERIA LAMPL|GERSTGRASSER KASPAR & MONIKA|DR. H. FLORASTR. 4|MALS|BZ|39024|01729910214||01|N||
LANDESVE|LANDESVE|04|LANDESVERBAND|DER HANDWERKER|BOZNER BODEN MITTERWEG, 7|BOZEN|BZ|39100|80013410214||01|N||
LARCHENH|LARCHENH|04|HOTEL LÄRCHENHAIN KG|DES EGGER BENJAMIN & CO.|LANDSTRASSE, 59|ST. VALENTIN A. D. HAIDE|BZ|39027|03230200218||01|N||
MARTINSH|MARTINSH|04|ÖBPB MARTINSHEIM|SENIORENWOHNHEIM|BAHNHOFSTRASSE, 10|MALS|BZ|39024|01246360216|||N|03210|
MICHAEL|MICHAEL|04|SPORTHOTEL ST. MICHAEL|DER BLAAS SABINE|BURGEIS, 147|MALS|BZ|39024|01733670218||01|N||
MICHLWIR|MICHLWIR|04|GASTHAUS MICHLWIRT|BERNHARD HELLRIGL|TARSCH, 35|MALS|BZ|39024|02822140212||01|N||
MOHREN|MOHREN|04|HOTEL ZUM MOHREN OHG|FOLIE DIETMAR & SABINE & CO.|HAUPTSTRASSE, 30 FRAKT. RESCHEN|GRAUN IM VINSCHGAU|BZ|39027|03229400217||03|N||
MORIGGL|MORIGGL|04|DAS MORIGGL|DES MORIGGL JONAS|BURGEIS, 176|MALS|BZ|39024|02567720210||01|N||
OBERETTE|OBERETTE|04|AVS OBERETTESHÜTTE|KARIN & EDWIN HEINISCH|MATSCH, 30|MALS|BZ|39024|02656630213||01|N||
ORTLER06|ORTLER06|04|MEIN ORTLERBLICK|LECHTHALER MARC|ORTWEINSTRASSE, 25|MALS|BZ|39024|03043910219||01|N||
PALPEN07|PALPEN07|04|GASTRO-POOL ITALIEN GMBH||SCHLACHTHOFSTRASSE, 53-B|BOZEN|BZ|39100|02616790214||02|N||
PALPENRO|PALPEN07|04|HOTEL ALPENROSE VGMBH||HAUPTSTRASSE, 4|ST. VALENTIN A. D. HAIDE|BZ|39027|02616790214||02|N||
PANIGG01|PANIGG01|04|GASTRO-POOL ITALIEN GMBH||SCHLACHTHOFSTRASSE, 53-B|BOZEN|BZ|39100|02616790214||02|N||
PANIGGLH|PANIGG01|04|ANIGGLHOF|D. PATSCHEIDER HELGA|SCHLINIG, 20|MALS|BZ|39024|02616790214||02|N||
PEDELW01|PEDELW01|04|GASTRO-POOL ITALIEN GMBH||SCHLACHTHOFSTRASSE, 53-B|BOZEN|BZ|39100|02616790214||02|N||
PEDELWEI|PEDELW01|04|HOTEL EDELWEISS|RAFFEINER PETRA|HAUPTSTRASSE, 28|RESCHEN|BZ|39027|02616790214||02|N||
PKASTE01|PKASTE01|04|GASTRO-POOL ITALIEN GMBH||SCHLACHTHOFSTRASSE, 53-B|BOZEN|BZ|39100|02616790214||01|N||
PKASTELL|PKASTE01|04|FERIENHOTEL KASTELLATZ|THÖNI MICHAEL|PRAEMAJUR, 51|MALS|BZ|39024|02616790214||01|N||
PKATRI01|PKATRI01|04|GASTRO-POOL ITALIEN GMBH||SCHLACHTHOFSTRASSE, 53-B|BOZEN|BZ|39100|02616790214||02|N||
PKATRIN|PKATRI01|04|RESIDENCE KATRIN|THÖNI JOHANNES & C. KG|LANDSTRASSE, 57|ST. VALENTIN A.D. HAIDE|BZ|39020|02616790214||02|N||
PLANGGER|PLANGGER|04|PLANGGER MARKUS & CO. KG||LANGTAUFERERSTRASSE, 2|GRAUN IM VINSCHGAU|BZ|39027|01184850210||01|N||
PLANGT01|PLANGT01|04|GASTRO-POOL ITALIEN GMBH||SCHLACHTHOFSTRASSE, 53-B|BOZEN|BZ|39100|02616790214||01|N||
PLANGTAU|PLANGT01|04|HOTEL LANGTAUFERERHOF|D. THÖNI MARTINA & C. KG|LANGTAUFERERSTRASSE - KAPPL, 3|LANGTAUFERS/GRAUN|BZ|39020|02616790214||01|N||
PLATZE01|PLATZE01|04|GARNI PLATZER|PLATZER BARBARA|BURGEIS, 182|MALS|BZ|39024|02503420214||01|N||
PMARAI01|PMARAI01|04|GASTRO-POOL ITALIEN GMBH||SCHLACHTHOFSTRASSE, 53-B|BOZEN|BZ|39100|02616790214||02|N||
PMARAIAS|PMARAI01|04|HOTEL MARAIAS|MARAIAS GMBH|BURGEIS, 140|MALS|BZ|39024|02616790214||02|N||
PMELAG01|PMELAG01|04|GASTRO-POOL ITALIEN GMBH||SCHLACHTHOFSTRASSE, 53-B|BOZEN|BZ|39100|02616790214||02|N||
PMELAGER|PMELAG01|04|MELAGER ALM|WALDNER MARKUS|MELAG|LANGTAUFERS|BZ|39027|02616790214||02|N||
PORTLE04|PORTLE04|04|GASTRO-POOL ITALIEN GMBH||SCHLACHTHOFSTRASSE, 53-B|BOZEN|BZ|39100|02616790214||02|N||
PORTLERS|PORTLE04|04|ORTLERSPITZ KG|DES LICATA BENNO & CO.|VIA VITTORIO VENETO, 15|ST. VALENTIN A.D. HEIDE|BZ|39020|02616790214||02|N||
PSTOCK01|PSTOCK01|04|GASTRO-POOL ITALIEN GMBH||SCHLACHTHOFSTRASSE, 53-B|BOZEN|BZ|39100|02616790214||02|N||
PSTOCKER|PSTOCK01|04|VALENTIN KG STOCKER MARTINA & CO.|HOTEL STOCKER|HAUPTSTRASSE, 42|ST. VALENTIN A.D. HAIDE|BZ|39020|02616790214||02|N||
ROSSL|ROSSL|04|BURG-GASTHOF ZUM WEISSEN RÖSSL|PUNT URSULA & CO. KG|MERANERSTRASSE, 3|SCHLUDERNS|BZ|39020|02579120219||01|N||
RUNGG07|RUNGG07|04|BRESL GMBH||G.I. VERDROSS STRASSE, 12/B|MALS|BZ|39024|03088630219||01|N||
SCHLINIG|SCHLINIG|04|SCHLINIGERALM - MORIGGL VICTORIA||VIA BURGUSIO, 176 INT 1|BURGUSIO - MALLES VENOSTA|BZ|39024|03246940211||01|N||
SCHLOS02|SCHLOS02|04|SCHLOSSBAR KG BURGEIS|DES KUENRATH SEVERIN & CO.|BURGEIS 183|MALS|BZ|39024|02977250212||01|N||
SCHUST01|SCHUST01|04|SCHUSTER GMBH|FILIALE TARTSCH|HAUPTSTRASSE, 8|MALS/TARTSCH|BZ|39024|00638530212||03|N||
SCHWAR01|SCHWAR01|04|GASTHOF SCHWARZER ADLER KG|TRAFOIER DANIEL & CO.|RESCHEN ALTDORFSTR. 1|GRAUN VINSCHGAU|BZ|39027|02382020218||01|N||
SEEHOTEL|SEEHOTEL|04|SEEHOTEL GMBH||HAUPTSTRASSE, 19|GRAUN I. V.|BZ|39027|01238250219||03|N||
SENNEREI|SENNEREI|04|SENNEREI BURGEIS|GENOS. UND LANDWIRTSCHAFTLICHE GES.|BURGEIS, 77|MALS|BZ|39024|00125710210||01|N||
SESVENNA|SESVENNA|04|SESVENNAHÜTTE|MESSNER GEORR|MATSCHER WINKEL, 3|SCHLUDERNS|BZ|39020|03314320213||01|N||
SKIHAUS|SKIHAUS|04|SKIHAUS SCHÖNEBEN GMBH||RESCHEN, 21/B|GRAUN I. V.|BZ|39027|00473020212||03|N||
SPRENGER|SPRENGER|04|PENSION SPRENGER|DES WIEDENHOFER OTHMAR & CO KG|KIRCHGASSE, 10|ST.VALENTIN/GRAUN|BZ|39020|02911260210||01|N||
STECHE02|STECHE02|04|KAUFHAUS STECHER BRUNHILDE||MATSCH, 9|MALS|BZ|39024|03155280211||01|N||
TENDERSH|TENDERSH|04|TENDERSHOF|ANDREAS PRANTL|ALTDORFSTRASSE, 31|RESCHEN|BZ|39027|01676130212||01|N||
THEINER|THEINER|04|JOACHIM THEINER & CO.|LÖWENWIRT KG|BURGEIS, 46|MALS|BZ|39024|02726410216||01|N||
TOWER|TOWER|04|TOWER IMBISS|STROBL GABRIEL|BURGEIS, 139|MALS|BZ|39024|03035130214||01|N||
UINA|UINA|04|BAR UINA|ZIERNHELD CLAUDIA|SCHLINIG, 43|MALS|BZ|39024|01214400218||01|N||
WATLES01|WATLES01|04|AUFSTIEGSANLAGEN REST.|TOURISTIK & FREIZEIT GMBH|VIA ST. BENEDIKT, 1|MALS|BZ|39024|00155580210||01|N||
WEINHOF|WEINHOF|04|WEINHOF|KOFLER FRANZ TRANS KG|VINSCHGAUERSTRASSE, 4 A|SCHLUDERNS|BZ|39020|02933360212||01|N||
WEISSKUG|WEISSKUG|04|GASTHOF WEISSKUGEL MATSCH|MASIERO FRANCESCA|VIA ALDO MORO, 35|SALORNO|BZ|39040|03084380215||01|N||
ZUMSEE|ZUMSEE|04|ZUM SEE GMBH||KIRCHGASSE, 26|ST. VALENTIN A.D.H.|BZ|39027|03186610212||01|N||