CLDECP|CLFACP|CDAGE|RASCL|RASC2|INDCL|LOCCL|PROCL|CCAPCP|PAIVCP|CDLIN|CDLIS|TPIVA|SCONTO
357|35701|00|TRECINQUESETTE|RUBINA & PULSAR SRL|VIA PLANKENSTEIN, 5|MERANO|BZ|39012|03017190210|1|03|N||
ADRIA|ADRIA01|00|HOTEL ADRIA||GILMSTRASSE,2|MERAN|BZ|39012|02824360214||01|N|00700|
AFEGG|AFEGG|00|AF EGG 35|KASERER MARKUS|ST. MARTIN IM KOFEL, 35|LATSCH|BZ|39021|01484850217||01|N||
AGOSTINI|AGOSTINI|00|AGOSTINI M. CO GEN.M.B.H.||RENNSTALLWEG, 81|MERAN|BZ|39012|00770560217||01|N||
ALEX|ALEX|00|BAR RIST. ALEX SOC. A.G.A.|MELCHIORI ANNA & C.|VICOLO DELLA ROGGIA, 2|MERANO|BZ|39012|02240150215|1|01|N||
ALMBERGE|ALMBERGE|00|ALMBERGER JOSEF||GRUBERHOF, 49|VERDINS / SCHENNA|BZ|39017|00498420215||01|N||
ALPENVER|ALPENVER|00|ALPENVEREIN SUDTIROL||GALILEISTRASSE, 45|MERAN|BZ|39012|01625120215||01|N||
ALPINI|ALPINI|00|ASSOC. NAZ. ALPINI|SEZ. ALTO ADIGE|VIA S. QUIRINO 50/A|BOLZANO|BZ|39100|80017430218|1|01|N||
ALTERS01|ALTERS01|00|ALTERS-PFLEGEHEIM TISENS|ST. MICHAEL|DORF, 33/A|TISENS|BZ|39010|00713650216|||N|01630|
ALTERS05|ALTERS05|00|ALTERSHEIMSTIFTUNG|MATHIAS LADURNER 100021|M. LADURNERSTR. 2|ALGUND|BZ|39022|02607440217|||N|03230|
ALTERSHE|ALTERSHE|00|SENIORENHEIM PITSCH||GAMPENSTRASSE, 3|MERAN|BZ|39012|00558860219|||N|00680|
AMATORI|AMATORI|00|FARMACIA DR.SSA AMATORI MARIA PAOLA||PIAZZA VITTORIO VENETO, 9|SINIGO MERANO|BZ|39010|01561450212|1|01|N||
ANA|ANA|00|ANA SINIGO||VIA NAZIONALE, 60|SINIGO - MERANO|BZ|39012|91002100211|1|01|N||
ANNA|ANNA|00|PENSION ANNA|PLATZER ELISABETH|SULDEN 22 BIS|STILFS|BZ|39020|00314090218||01|N||
ANNABELL|ANNABELL|00|HOTEL ANNABELL|D. REGELE G. & CO. OHG|O.GAIGHERSTR.2|MERAN|BZ|39012|02445640218||01|N||
APPETIT|APPETIT|00|MENSA APPETIT|LANA CATERING KG|D. UNTERHOLZNER SERAFIN|MONTECATINISTR. SINICH|BZ|39010|02260380213||01|N|00500|
ARCHEOPA|ARCHEOPA|00|ARCHEOPARK SCHNALS|GES MBH|UNSERE FRAU, 163|SCHNALS|BZ|39020|02277020216||01|N||
ARISTON|ARISTON|00|CAFE ARISTON|RIGHI MONIKA|GALLERIA ARISTON N. 33/C|MERANO|BZ|39012|00544230212|1|01|N||
ARKADEAA|ARKADEAA|00|ARKADE KG|DER JASMIN BINI|SEILBAHNGASSE, 4/A|MERAN|BZ|39012|02285520215||01|N||
ARKOM|ARKOM|00|ARKOM SAS|RUGGERO STIZZOLI & CO.|VIA KUPERION, 2|MERANO|BZ|39012|01283040218|1|01|N||
ASM|ASM|00|ASSOC. SPORTIVA MERANO||VIA FORO BOARIO, 10|MERANO|BZ|39012|01666890213|1|01|N||
ASM01|ASM01|00|A.S. MERANO A.S.D. BIKE TEAM||VIA LIDO, 4|MERANO|BZ|39012|01666890213|1|01|N||
ASSOCI01|ASSOCI01|00|ASSOC. CUOCHI|MERANO - BOLZANO|VIA MAINARDO, 168|MERANO|BZ|39012|02288400217|1|01|N||
AUSSER02|AUSSER03|00|AUSSERER MONIKA||OBSTSTAND KORNPLATZ|MERAN|BZ|39012|01730240213||01|N||
AUSSER03|AUSSER03|00|AUSSERER MONIKA||TIEFACKERWEG, 23-IV|MARLING|BZ|39020|01730240213||01|N||
AUSSERER|AUSSER01|00|DELIKATESSEN AUSSERER|DES AUSSERER ANTON KG|P.ZZA DUOMO CHIOSCO N.2 E N.3|MERANO|BZ|39012|02949110213||01|N||
AUTOINDU|AUTOINDU|00|AUTOINDUSTRIALE G.M.B.H.||GALVANISTRASSE, 41|BOZEN|BZ|39100|00302800214||01|N||
AUTONOME|AUTONOME|00|AUTON. PROV. BOZEN ABT. 20|LEHRLINGSWETTBEWERB|DANTESTRASSE, 11|BOZEN|BZ|39100|00390090215||01|N||
AVIS|AVIS|00|AVIS||VIA GOETHE, 50|MERANO|BZ|39012|82012610216|1|01|N||
AVIS01|AVIS01|00|AVIS|LANDESSEKTION BOZEN|MARCONISTRASSE, 4|BOZEN|BZ|39100|94071540218||01|N||
AVIS02|AVIS02|00|AVIS||VIA DOSSI, 17|CAVALESE|TN|38033|||01|N||
BACHGUTE|BACHGUTE|00|STIEGER H. - LADURNER E.|BACHGUTERHOF|HAUPTSTRASSE, 17|TSCHARS - KASTELBELL|BZ|39020|01447830215||01|N||
BACHMANN|BACHMANN|00|BACHMANN KARL||GAMPENSTR, 121|TISENS|BZ|39010|01540820212|T|01|N||
BAIKY|BAIKY|00|BAIKY PUB|SCHONTHALER ANNELORE & CO. SAS|VIA GARIBALDI, 5|MERANO|BZ|39012|02301240210|1|01|N||
BAPAPA|BAPAPA|00|BARBAPAPA'|DI GAI RUDI|VIA MAINARDO, 152|MERANO|BZ|39012|02300860216|1|01|N||
BATZENHA|BATZENHA|00|REST.BATZENHAUSL|ALOIS ZOZIN OHG|LAUBEN,84|MERAN|BZ|39012|00573390218||01|N||
BAUERN03|BAUERN03|00|BAUERNJUGEND-BEZIRK MERAN|GRUBER NORBERT|INNERDURACH|ST.WALBURG/ ULTEN|BZ|39016|82009710219||01|N||
BAUERN04|BAUERN04|00|BAUERNJUGEND MARLING|GOGELE MICHAEL|KIRCHWEG,22|MARLING|BZ|39020|82013930217||01|N||
BAUERN05|BAUERN05|00|BAUERNJUGEND KUENS|SPECHTENHAUSER MATHIAS|KUENSERSTR. 14|KUENS|BZ|39010|||01|N||
BAUERN06|BAUERN06|00|BAUERNJUGEND RIFFIAN||HOHLGASSE, 51|RIFFIAN|BZ|39010|02201820210||01|N||
BAZZA|BAZZA|00|DITTA BAZZA SILVIO|DI BAZZA GIORGIO & C. SNC|CORSO STATI UNITI, 50|PADOVA|PD|35100|02028780282|1|01|N||
BECHERHA|BECHERHA|00|SCHUTZHUTTE BECHERHAUS|PICHLER ERICH ANSELM|SCHMIEDGASSE, 1|ST. MARTIN PASSEIER|BZ|39010|02254540210||01|N||
BELFUNGO|BELFUNGO|00|BELFUNGO SRL||VIA G. MARCONI, 28|DANTA|BL|32040|00802030254||01|N||
BELSIT|BELSIT|00|HOTEL BEL SIT|WEGLEITER KLAUS|PENDLSTRASSE, 2|MERAN|BZ|39012|00574420212||01|N||
BERGER|BERGER|00|BERGER|JOHANN|FLORIANIWEG, 3|PLAUS|BZ|39025|00718510217||01|N||
BERNHART|BERNHART|00|BERNHART DORIS||MUHLWEG, 4|TSCHARS|BZ|39020|01335100218||01|N||
BERSAGLI|BERSAGLI|00|RISTORANTE BERSAGLIO SAS|DI QUAGLIO MAURO & CO.|VIA LIDO, 2|MERANO|BZ|39012|02222550218|1|01|N||
BERTAGNO|BERTAGNO|00|BERTAGNOLI CARNI SNC|DI B. GIANFRANCO & C.|VIA PRINCIPALE, 41|TRET DI FONDO|TN|38010|00832550222|1|01|N||
BLAAS01|BLAAS01|00|BLAAS FRANZ KG||MERANERSTRASSE, 40|VILPIAN|BZ|39010|01412000216||01|N||
BLAUESSC|BLAUESSC|00|BLAUES SCHIFF|MAREST CATERING GMBH|BOZNERSTRASSE, 59|LANA|BZ|39011|01558240212||01|N||
BOWA|BOWA|00|BOWA KG||GRABMAYRSTRASSE, 49|MERAN|BZ|39012|01118520210||01|N||
BOZNERTO|BOZNERTO|00|RESTAURANT BOZNER TOR|GRUNER ROBERT|LEONARDO DA VINCI STRASSE, 9|MERAN|BZ|39012|01632960215||01|N||
BREITENB|BREITENB|00|REST. BREITENBERGERHOF|WENTER SCHERLIN WALTRAUD|GAMPENSTRASSE, 40|TSCHERMS|BZ|39010|01472770211||01|N||
BRUCCULE|BRUCCU01|00|BRUCCULERI MICHELE|CH.FRUTTA P.ZZA GRANO|VIA SEGANTINI,6|MERANO|BZ|39012|01400690218|1|01|N||
BRUCKE02|BRUCKE02|00|GASTHAUS ZUR BRUCKE|GEORG MITTERER|PRISSIAN|TISENS|BZ|39010|01033750215||01|N||
BRUNJAUN|BRUNJAUN|00|BRUNJAUNHOF|KROLL JOSEF|PICHLERSTRASSE, 18|SCHENNA|BZ|39017|01204410219||01|N||
BRUNNENP|BRUNNENP|00|REST.BRUNNENPLATZ GMBH||DANTESTR,2|MERAN|BZ|39012|01101630216||01|N||
BUBI|BUBI|00|G.A.BUBI CALCETTO||PIAZZA TEATRO,15|MERANO|BZ|39012|00701300212|1|01|N||
BUFFET|BUFFET|00|BAR BUFFET STAZIONE SAS|DI MENGON ILLUMINATA & C.|VIA SIEGMUND SCHWARZ, 8|VILPIANO|BZ|39010|00685340218|1|01|N||
BURGER03|BURGER03|00|MUSIKKAPELLE TSCHERMS|OBMANN KIEM GUNTHER|GAMPENSTRASSE, 27|TSCHERMS|BZ|39010|91001910214||01|N||
BURGER05|BURGER05|00|MUSIKKAPELLE MARLING|Z.H. HOLZL THOMAS|LEBENBERGERSTRASSE, 7|MARLING|BZ|39020|91001110211||01|N||
BURGERKA|BURGERKA|00|BURGERKAPELLE OBERMAIS|JUGENDCAMP 2016|BRUNNENPLATZ,26|MERAN|BZ|39012|82007650219||01|N||
BURGGR02|BURGGR02|00|BURGGRAFLER KELLEREI||GAMPENSTRASSE, 64|MARLING|BZ|39020|00126570217||01|N||
BURGUND|BURGUND|00|HOTEL BURGUND|BRUNNER ROSMARIE & CO. KG|AICHWEG, 29|DORF TIROL|BZ|39019|00746050210||01|N||
BWSW|BWSW|00|BWSW ITALIEN GMBH||DANTE ALIGHIERISTR. 110|MERAN|BZ|39012|02816870212||01|N||
CAGOL|CAGOL|00|TRENTO ORTOFRUTTA|DI CAGOL FABRIZIO|CASTEL DI PIETRAPIANA, 17|POVO|TN|38050|00868900226|1|01|N||
CAI|CAI|00|C.A.I.||VIA KARL WOLF, 15|MERANO|BZ|39012|00555310218|1|01|N||
CALLOVIN|CALLOV01|00|PREISS KG D. F. FUX GMBH||PURENWEG, 6|TIROL|BZ|39019|02778320214||01|N||
CAMPIN02|CAMPIN02|00|CAMPING VOLLAN|HOLZNER ELMAR & CO.KG|ZEHENTWEG,6|VOLLAN|BZ|39011|01192480216||01|N||
CAMT|CAMT|00|C.A.M.T. SAS|DI C.CAMPITIELLO & C.|VIA FIORAVANTI, 22|BOLOGNA|BO|40129|00552970378|1|01|N||
CARABI02|CARABI02|00|REG. CARABINIERI TRENT.AA|STAZIONE DI MERANO|VIA PETRARCA, 22|MERANO|BZ|39012|80007080213|1|01|N||
CARLEVAR|CARLEVAR|00|CARLEVARI SRL||VIA MONTEGROTTO, 70|TORREGLIA|PD|35038|00418000287|1|01|N||
CATERI01|CATERI01|00|SE. RI. CATERING SRL|MENSA COSSI VIA PER NATURNO|VIA VOLTA, 16|COLOGNO MONZESE|MI|20093|00893360966|1|01|N||
CATERING|CATERING|00|SE. RI. CATERING SRL||VIA VOLTA, 16|COLOGNO MONZESE|MI|20093|00893360966|1|01|N||
CENTROSC|CENTROSC|00|BAR CENTRO SCOLASTICO|VEIT ANNA|VIA KARL WOLF,38|MERANO|BZ|39012|01449320215|1|01|N||
CGIL|CGIL|00|AGB CGIL||OTTO HUBERSTR. 54|MERAN|BZ|39012|82011090212|1|01|N||
CHOR|CHOR|00|CHOR U.KONZERTVEREIN||ALPINISTRASSE|MERAN|BZ|39012|91020830211||01|N||
CHRIST02|CHRIST02|00|HOTEL CHRISTIAN EURO ASIA|PUNJAB SRL|VIA MERANO, 12|VILPIANO|BZ||02304660216|1|01|N||
CINCELLI|CINCELLI|00|F.LLI CINCELLI SNC|DI GINO E DARIO|VIA ROMA, 5|POZZA DI FASSA|TN|38036|00355130220|1|01|N||
COMITATO|COMITATO|00|COMITATO ORGANIZZATORE|CONC. IPPICI MERANO MAIA|VIA SCUDERIE, 37|MERANO|BZ|39012|02294750217|1|01|N||
COMPLOY|COMPLOY|00|COMPLOJ'S WOHNWELT OHG||GAMPENSTRASSE, 31|TSCHERMS|BZ|39100|00887550218||01|N||
COMUNE|COMUNE|00|COMUNE DI MERANO|FESTA DELLO SPORT|VIA PORTICI, 192|MERANO|BZ|39012|00394920219|1||N||
COMUNE01|COMUNE01|00|COMUNE DI MERANO PROV. BZ|UFFICIO DECENTRAMENTO|VIA PORTICI, 192|MERANO|BZ|39012|00394920219|1|01|N||
CONCORDI|CONCORDI|00|CORO CONCORDIA|RINFRESCO DOPO RASSEGNA|VIA VIGNETI, 3|MERANO|BZ|39012|82010590212||01|N||
COSSI|COSSI|00|COSSI COSTRUZIONI SPA||P.ZA GARIBALDI, 9|SONDRIO|SO|23100|00617100144||01|N||
COSTANTI|COSTANTI|00|GELATERIA COSTANTIN|PRA LEVIS ERIC|PASS. LUNGO PASSIRIO, 54|MERANO|BZ|39012|02938920218|1|01|N||
CRAL01|CRAL01|00|CRAL USL OVEST|SIG. MICHELI SANDRO|VIA KARL WOLF, 46|MERANO|BZ|39012|01200290219|1|01|N||
CREMECAR|CREMECAR|00|BAR CREME CARAMEL|PRANTL MARKUS|LAUBENGASSE, 255|MERAN|BZ|39012|02279180216||01|N||
CURTI|CURTI|00|CURTI ANTONIA IN FACCHINI||VIA MAINARDO, 17|MERANO|BZ|39012|01075070217|1|01|N||
DANCING|DANCING|00|DANCING NEW VIVA||NEIFWEG, 35|MERAN|BZ|39012|01756330211||01|N||
DECALL|DECALL|00|MODE DECALL|STELZER ALEXANDRA|L.-ZUEGG-STRASSE, 72|MERAN|BZ|39012|01431340213||01|N||
DEUTSCHE|DEUTSCHE|00|DEUT.U.LADIN.BERUBSBILD.ABT.20|EROFFNUNG DER AUSSTELLUNG|-DIE BRAUNE FALLE- SCHULPROJEKT|DANTESTR. 11 - BOZEN|BZ|39100|00390090215||01|N||
DOMINO|DOMINO|00|BAR DOMINO|WIESER INGEBORG|O.HUBERSTRASSE, 38|MERAN|BZ|39012|01480240215||01|N||
DORNACH|DORNACH|00|GARNI DORNACH|DER ALBER MONIKA|SCHENNASTRASSE, 39|SCHENNA|BZ|39017|01704040219||01|N||
DREIKREU|DREIKREU|00|HOTEL DREI KREUZ|TAPPEINER K.|KORTSCH NR. 170|SCHLANDERS|BZ|39028|00043950211||01|N||
ECONOMAT|GEMEIN35|00|MENSA SCOLASTICA TOTI|UFFICIO ECONOMATO|VIA MONTE TESSA, 14/C MERANO|CIG: Z9001E8202|BZ|39012|00394920219|1||N|01650|
EDEN|EDEN|00|ALTENHEIM EDEN SOZ. GEN.||CHRISTOMANNOSSTRASSE, 12|MERAN|BZ|39012|00414670216||01|N||
EDEN01|EDEN01|00|HOTEL VILLA EDEN|TOURINVEST SRL|VIA WINKEL, 70|MERANO|BZ|39012|01045130216|1|03|N||
EDOLO|EDOLO|00|18 REGGIMENTO EDOLO|CIRC.UNIFICATO DI PRESIDIO|VIA MAINARDO, 132|MERANO|BZ|39012|82009830215|1|01|N||
EGGER01|EGGER01|00|EGGER ALOISIA KG|HANDLUNG|ST.NIKOLAUS, 103|ULTEN|BZ|39010|01408520219||01|N||
EISHOCKE|EISHOCKE|00|ORGANISATIONSKOMITEE|EISHOCKEYWELTMEISTERSCH. U18|GAMPENSTRASSE,74|MERAN|BZ|39012|02472440219||01|N||
ELENA|ELENA|00|BAR ELENA||VIA MONASTERO, 19|MERANO|BZ|39012||1|01|N||
ELTERN|ELTERN|00|ELTERN KIND ZENTRUM||LAUBEN, 246|MERAN|BZ|39012|91007570210||01|N||
ENZIAN01|ENZIAN01|00|RESTAURANT ENZIAN|LADURNER IN WEGER ROSA|ST. FELIX, 28|MARLING|BZ|39020|00822680211||01|N||
ERLENHEI|ERLENHEI|00|REST.BAR PIZZ.ERLENHEIM|THEINER CHRISTINE|FLORASTRASSE, 39|GLURNS|BZ|39020|01479850214||01|N||
EROS|EROS|00|CAFE' SNACK'S EROS|ARDUINI EROS|PASSEGGIATA D'INVERNO|MERANO|BZ|39012|00741930218|1|01|N||
ERWIN|ERWIN|00|ERWIN'S FRISCHTEIGWAREN OHG|DES ZOGGELER WERNER & LUKAS|MATTEOTTISTRASSE,29|MERAN|BZ|39012|02818990216||01|N||
ESTATE|GEMEIN38|00|GEMEINDE MERAN|SOMMERINITIATIVEN 2010|TEXELSTRASSE, 14|MERAN|BZ|39012|00394920219|||N|01650|
EUROCATE|EUROCATE|00|EUROCATERING SRL|CANTIERE NATURNO|VIA CANTU' 23|CINISELLO BALSAMO|MI|20092|00852350966|1|01|N||
EUROPA|EUROPA|00|CAFE' EUROPA STELVIO SAS|DER TOMASI KLAUDIA|FREIHEITSSTRASSE, 176|MERAN|BZ|39012|01441600218||01|N||
EVANGELI|EVANGELI|00|EVANGELISCHER FRAUENVER.||IFINGERSTRASSE, 10|MERAN|BZ|39012|00191460211||01|N||
EXCLUS01|EXCLUS01|00|EXCLUSIV|E. MARCHEGGER & CO. KG|MERANERSTRASSE, 52|LANA|BZ|39011|00691910210||01|N||
EXCLUSIV|EXCLUSIV|00|CAFE EXCLUSIV|STROBL HALLER MARIA|LAUBEN, 174|MERAN|BZ|39012|01266240215||01|N||
FACCO|FACCO|00|FACCO GIANFRANCO||CORSO STATI UNITI 11|PADOVA|PD|35100|01316140282||01|N||
FACHSCHU|FACHSCHU|00|FACHSCHULE HAUSWIRTSCHAFT ERNAHRUNG|HASLACH,NEUMARKT SITZ IN BOZEN|ANGELA NIKOLETTI PLATZ, 14|BOZEN|BZ|39100|02942740214||01|N||
FAHLBURG|FAHLBURG|00|SCHLOSS FAHLBURG|JAKOB BRANDIS|PRISSIAN, 83|TISENS|BZ|39010|00514500214||01|N||
FEIGENST|FEIGENST|00|REST. FEIGENSTAUDER|WENIN GARBER HILDEGARD|ST. KASSIANWEG, 40|ALGUND|BZ|39022|01517230213||01|N||
FELDERER|FELDERER|00|HOTEL REST. FELDERERHOF|GROSS JOHANN|GAMPENSTRASSE, 41|TSCHERMS|BZ|39010|01116290212||01|N||
FELLER|FELLER|00|FELLER LORENZO & CO. SNC||LOC. NAVENE|MALCESINE|VR|37018|01653200210|1|01|N||
FEUERW01|FEUERW01|00|FREIW. FEUERWEHR OBERMAIS|HERBERT TORGGLER|VERGILSTRASSE, 4|MERAN|BZ|39012|91006270218||01|N||
FEUERW03|FEUERW03|00|FREIW.FEUERWEHR MARLING||F.INNERHOFERSTR.1/1|MARLING|BZ|39020|91008050212||01|N||
FEUERW07|FEUERW07|00|FREIWILLIGE FEUERWEHR|UNSERE LIEBE FRAU IM WALDE|LOKALITAT MALGASOTT 37|UNSERE LB. FRAU WALDE|BZ|39010|91010410214||01|N||
FEUERW08|FEUERW08|00|FREIWILLIGE FEUERWEHR ZENOBERG||ZENOBERGSTRASSE|MERAN|BZ|39012|91011640215||01|N||
FEUERW09|FEUERW09|00|FREIWILLIGE FEUERWEHR UNTERMAIS||ST. FLORIANSTRASSE, 13|MERAN|BZ|39012|82009860212||01|N||
FEUERW10|FEUERW10|00|FREIWILLIGE FEUERWEHR GRISSIAN||FEUERWEHRHALLE GRISSIAN 7/A|GRISSIAN|BZ|39010|91006850217||01|N||
FINANZKO|FINANZKO|00|FINANZKONTOR KG|DES DR. JOHANN WORNHART|SERVICE CENTER MAIS|GAMPENSTR,99 E/F MERAN|BZ|39012|02265000212||01|N||
FINCONTR|FINCONTR|00|FINCONTROL SPA||VIA F. SFORZA, 2|MILANO|MI|20122|05980960156|1|01|N||
FITNESS|FITNESS|00|EURO FITNESS||SINICH BACH STRASSE,82|SINICH/MERAN|BZ|39012|01690430218||01|N||
FKINDE15|FGEMEI15|00|SCUOLA MATERNA FROBEL|SOMMERINITIATIVEN 2102|CORSO LIBERTA', 127|MERANO|BZ|39012|00394920219|1||N|01650|
FKINDE17|FGEMEI17|00|KINDERKRIPPE MADDALENA DI CAN.|SOMMERINITIATIVEN 2012|MAIASTRASSE, 1/A|MERAN|BZ|39012|00394920219|||N|01650|
FLAIM|FLAIM|00|FLAIM BRUNO|PHOTOSTUDIO|SCHLACHTHOFSTRASSE, 61|BOZEN|BZ|39100|00168720217||01|N||
FLORA01|FLORA01|00|CAFE FLORA|REINSTADLER M. & CO. KG|BOZNERSTRASSE, 2|LANA|BZ|39011|01710690213||01|N||
FMENSASC|FGEMEI33|00|MENSA SCOLASTICA TOTI|INIZIATIVE ESTIVE 2012|VIA MONTE TESSA, 14/C|MERANO|BZ|39012|00394920219|1||N|01650|
FONDO|FONDO|00|FONDO ASSIST. PERS. PS|CENTRO MONTANO PS|TRAFOI|TRAFOI|BZ|39020|02131841005|1|01|N||
FORD|FORD|00|FORD RESCHEN GARAGE GMBH||VIA KUPERION, 29|MERANO|BZ|39012|00100390210|1|01|N||
FORST|FORST|00|BRAUEREI FORST AG|KOSTENSTELLE 701|VINSCHGAUERSTRASSE, 8|ALGUND|BZ|39022|00100500214||01|N||
FORSTE01|FORST02|00|RESTAURANT FORSTERBRAU||MARIA HILFSTR. 17|LANA|BZ|39011|00100500214||01|N||
FORSTE02|FORSTE02|00|HOTEL MONDSCHEIN KG|DES GEORG EGGER & CO.|GAMPENSTRASSE, 6|LANA|BZ|39011|01624340210||01|N||
FRANKE01|FRANKE01|00|FACHSCH. FUR HAUSWIRTSCHAFT UND|ERNAHRUNG HASLACH, NEUMARKT UND|TISENS MIT SITZ IN BOZEN|NIKOLETTI PLATZ, 14 BOZEN|BZ|39100|02942740214||01|N||
FRANKENB|FRANKE01|00|FACHSCHULE HAUSWIRTSCHAFT ERNAHRUNG|HASLACH,NEUMARKT U.TISENS SITZ BZ|ANGELA NIKOLETTI PLATZ 14|BOZEN|BZ|39100|02942740214||01|N||
FRANZISK|FRANZISK|00|PENSIONE FRANZISKA|CUCINELLA VITO|VIA FLUGGI, 1|MERANO|BZ|39012|01490600218|1|01|N||
FREIZE04|FREIZE04|00|FREIZEITVEREIN|FRANZ TAPPEINER|ROSSINISTRASSE, 5|MERAN|BZ|39012|91028400215||01|N||
GALLUS|GALLUS|00|PENS. GALLUS|STIEGER IN PRIETH EDITH|SEILBAHNWEG, 25|LATSCH|BZ|39021|01182430213||01|N||
GAMPER01|GAMPER01|00|GAMPER HELMUTH & CO.OHG||ENNEWASSER,10|MARTELL|BZ|39020|01611070218||01|N||
GAMPERHE|GAMPERHE|00|KANONIKUS MICHAEL GAMPER|WERK SCHULERHEIM|ERZHERZOG JOHANN|K.WOLFSTR.81 MERAN|BZ|39012|00631520210||01|N|00200|
GAMPERJO|GAMPERJO|00|GAMPER JOSEF||GOFLAN, 36|SCHLANDERS|BZ|39028|00079950218||01|N||
GAPP01|GAPP01|00|KONDITOREI GAPP HUGO||BAHNHOFSTRASSE, 7|LATSCH|BZ|39021|01127110219||01|N||
GEMEIN06|GEMEIN06|00|GEMEINDE WOLKENSTEIN|IN GRODEN|ST. NIVES, 1|WOLKENSTEIN|BZ|39048|00411710213||01|N||
GEMEIN07|GEMEIN07|00|COMUNE MARLENGO||P.ZZA CHIESA, 1|MARLENGO|BZ|39020|00232380212|1|01|N||
GEMEIN08|GEMEIN08|00|MARKTGEMEINDE NEUMARKT||RATHAUSRING, 7|NEUMARKT|BZ|39044|80010250217||01|N||
GEMEIN11|GEMEIN11|00|GEMEINDE BURGSTALL|ZWECKS PFARRFEST|DORFPLATZ, 1|BURGSTALL|BZ|39014|01279760217||01|N||
GEMEIN16|GEMEIN16|00|GEMEINDE MERAN|OKONOMAT|LAUBEN, 192|MERAN|BZ|39012|00394920219|1||N|01650|
GEMEINSC|GEMEINSC|00|GEMEINSCHAFT ZUR|FORDERUNG DER VEREINE|PLATT|PFELDERS|BZ|39010|01469850216||01|N||
GENEVA|GENEVA|00|FRUCHTHOF GENEVA|DER VALORZ JUTTA KG|MEINHARDSTRASSE, 54|MERAN|BZ|39012|01471760213||01|N||
GEORGENH|GEORGENH|00|PENSION GEORGENHOHE|MARGESIN HERMANN|ST. GEORGENSTRASSE, 12|LANA / VOLLAN|BZ|39011|00423810217||01|N||
GEPCO|GEPCO|00|GEPCO-SALC SPA||VIA LATTUADA,20|MILANO|MI|20135|11069890157|1|01|N||
GIETL|GIETL|00|GIETL JOSEF ALOIS|OBERSCHOLHOF|MOLTEN|VILPIAN|BZ|39018|01128780218||01|N||
GILF|GILF|00|CAFE RESTAURANT GILF|CSORBA A. & PORUBSZKI G. OHG|WINTERPROMENADE, 51|MERAN|BZ|39012|02507380216||01|N||
GLOBAL|GLOBAL|00|GLOBAL GMBH|UNTERKASATSCH|PRISSIAN, 118|TISENS|BZ||02302590217||01|N||
GLOGGLHO|GLOGGLHO|00|BUSCHENSCHANK GLOGGLHOF|ROTTENSTEINER ANNA WALZL|RAFFEINGASSE, 8|LANA|BZ|39011|00489140210||01|N||
GOGELE|GOGELE|00|ANDREAS GOGELE|BAU U.KUNSTSCHLOSSEREI|SCHENNASTR, 48/B|SCHENNA|BZ|39017|01488270214|T|01|N||
GOLDENET|GOLDENET|00|GASTHAUS GOLDENE TRAUBE|LANA CATERING KG|J. V. PAYERSTRASSE, 2|TRAMIN|BZ|39040|02260380213||01|N|00500|
GOTSCH01|GOTSCH01|00|SUPERMARKET GOTSCH|IRENE GOTSCH & CO. KG|VINSCHGAUERSTRASSE, 21|GOLDRAIN/LATSCH|BZ|39021|01186240212||01|N||
GRUBERRO|GRUBERRO|00|GRUBER ROMAN|LEBENSMITTEL|SULDEN, 43|SULDEN|BZ|39029|01301410211||01|N||
GRUNDS01|GRUNDS01|00|GRUNDSCHULDIREKTION|MERAN I|O.V.WOLKENSTEINSCHULE 4 KL.|30.APRILSTR.23 MERAN|BZ|39012|||01|N||
GRUNDS02|GRUNDS02|00|GRUNDSCHULE SIEBENEICH|SCHULSPRENGEL TERLAN|HAUPTSTRASSE, 7|TERLAN|BZ|39018|94077010216||01|N||
GRUPPOAN|GRUPPOAN|00|GRUPPO ANZIANI|C.C.RS.  S.GIUSTO|P.ZZA V.VENETO|SINIGO-MERANO|BZ|39010|01384030217||01|N||
GRUPPOSP|GRUPPOSP|00|GRUPPO SPORTIVO|INCONTRO|P.ZZA V. VENETO, 9|SINIGO MERANO|BZ|39010|91011240214|1|01|N||
GS|GS|00|DIREKTION GS ALGUND|FUR GS DORF TIROL|STEINACHSTRASSE, 22|ALGUND|BZ|39022|82005770217||01|N||
GUARDIA|GUARDIA|00|GUARDIA DI FINANZA||VIA ROSSINI, 6|MERANO|BZ|39012|80012750222|1|01|N||
GUFLERMA|GUFLERMA|00|GUFLER MARIA|GESCHAFT|FRAKTION SALTAUS, 5|SALTAUS|BZ|39010|01333040218||01|N||
HABERLE|HABERLE|00|HABERLE GABRIELE|LEBENSMITTEL|HIRZERSTRASSE,22|LANA|BZ|39011|00734610215||01|N||
HAFLING|HAFLING|00|HOTEL HAFLING|SCHRAFFL MARIA|KATZENSTEINSTRASSE, 3|MERAN|BZ|39012|00246800213||01|N||
HAFNER01|HAFNER01|00|HAFNER FRANZ & CO. OHG|OBST U. GEMUSEHANDEL|GAMPENSTRASSE, 12|LANA|BZ|39011|00858490212||01|N||
HANDELSK|KAISERHO|00|HANDELSKAMMER BOZEN|KOCHSHOW 23. APRIL 2022|SUDTIROLERSTR, 60|BOZEN|BZ|39100|00376420212||01|N||
HANGEL01|HANGEL01|00|HOGAST ITALIEN EINKAUFSGEN.|FUR DAS HOTEL- UND GASTGEWERBE|SCHLACHTHOFSTRASSE, 53-B|BOZEN|BZ|39100|01342330212||01|N||
HASEN|HASEN|00|CAFE'ZUM HASEN|KROLL OSWALD & CO.|PFARRPLATZ,1|LANA|BZ|39011|01686590215||01|N||
HASTER|HASTER01|00|HOTEL ASTER|ASTER SRL|DANTESTRASSE, 40|MERAN|BZ|39012|01342330212||02|N||
HASTER01|HASTER01|00|HOGAST ITALIEN EINKAUFSGEN.|FUR DAS HOTEL- UND GASTGEWERBE|SCHLACHTHOFSTRASSE, 53-B|BOZEN|BZ|39100|01342330212||01|N||
HBALLGUT|HBALLG01|00|HOTEL BALLGUTHOF KG|FAM HOEFLER|BRANDISWEG, 2/A|LANA|BZ|39011|01342330212||02|N||
HBIRKE01|HBIRKE01|00|HOGAST ITALIEN EINKAUFSGEN.|FUR DAS HOTEL- UND GASTGEWERBE|SCHLACHTHOFSTRASSE, 53-B|BOZEN|BZ|39100|01342330212||01|N||
HBIRKENH|HBIRKE01|00|KIRCHSTEIGER KG D.PIRCHER CHR.|VILLA BIRKENHOF|BADLWEG, 3|VOLLAN|BZ|39011|01342330212||02|N||
HECHERHO|HECHERHO|00|HECHERHOF|LEX KLAUS|KATZENSTEINSTRASSE, 38|MERAN|BZ|39012|02307300216||01|N||
HEDAN|HEDAN|00|HEDAN SNC -OHG|HEINRICH DANAY & C.|BINDERGASSE, 13|ANDRIAN|BZ|39010|01369870215||01|N||
HEUROP01|HEUROP01|00|HOGAST ITALIEN EINKAUFSGEN.|FUR DAS HOTEL- UND GASTGEWERBE|SCHLACHTHOFSTRASSE, 53-B|BOZEN|BZ|39100|01342330212||01|N||
HEUROP02|HEUROP03|00|BAR EUROPA|ALFRED STROHMER GMBH|FREIHEITSSTRASSE, 178|MERAN|BZ|39012|01342330212||02|N||
HEUROP03|HEUROP03|00|HOGAST ITALIEN EINKAUFSGEN.|FUR DAS HOTEL- UND GASTGEWERBE|SCHLACHTHOFSTRASSE, 53-B|BOZEN|BZ|39100|01342330212||01|N||
HEUROPA|HEUROP01|00|HOTEL EUROPA SPLENDID|D. ALFRED STROHMER GMBH|FREIHEITSSTRASSE, 178|MERAN|BZ|39012|01342330212||02|N||
HGEORG01|HGEORG01|00|HOGAST ITALIEN EINKAUFSGEN.|FUR DAS HOTEL- UND GASTGEWERBE|SCHLACHTHOFSTRASSE, 53-B|BOZEN|BZ|39100|01342330212||01|N||
HGEORGEN|HGEORG01|00|PANORAMAHOTEL ST. GEORGEN|EHRLICH KG D. EHRLICH FLORIAN & C.|ST. GEORGENERSTR. 36 C|SCHENNA|BZ|39017|01342330212||02|N||
HGLANZ01|HGLANZ01|00|HOGAST ITALIEN EINKAUFSGEN.|FUR DAS HOTEL- UND GASTGEWERBE|SCHLACHTHOFSTRASSE, 53-B|BOZEN|BZ|39100|01342330212||01|N||
HGLANZHO|HGLANZ01|00|HOTEL GLANZHOF KG|EGGER WALTER & CO|NORDERSTRASSE, 1|MARLING|BZ|39020|01342330212||02|N||
HGV|HGV|00|HGV - SERVICE GENOSSENSCHAFT||SCHLACHTHOFSTRASSE, 59|BOZEN|BZ|39100|00576540215||01|N||
HHIRZE01|HHIRZE01|00|HOGAST ITALIEN EINKAUFSGEN.|FUR DAS HOTEL- UND GASTGEWERBE|SCHLACHTHOFSTRASSE, 53-B|BOZEN|BZ|39100|01342330212||01|N||
HHIRZER|HHIRZE01|00|HOTEL HIRZER GMBH||FALZEBENSTRASSE, 68|HAFLING|BZ|39010|01342330212||03|N||
HILFMIR|HILFMIR|00|HILF MIR|PASSLER RICHARD|BOZNERSTR. 15/11|LANA|BZ|39011|91030130214||01|N||
HIMPER01|HIMPER01|00|HOGAST ITALIEN EINKAUFSGEN.|FUR DAS HOTEL- UND GASTGEWERBE|SCHLACHTHOFSTRASSE, 53-B|BOZEN|BZ|39100|01342330212||02|N||
HIMPERIA|HIMPER01|00|RESIDENCE IMPERIAL ART|EUROPA SPLENDID HOTEL GMBH|FREIHEITSSTRASSE, 110|MERAN|BZ|39012|01342330212||02|N||
HIRSCH01|HIRSCH01|00|GASTHOF HIRSCHEN|LOSCH BRIGITTE|HAUPTSTRASSE, 41|LAAS|BZ|39023|00552170219||01|N||
HJOSEF|HJOSEF01|00|JOSEF MOUNTAIN RESORT|CUMART GMBH|FALZEBENERSTR. 225|HAFLING|BZ|39010|01342330212||03|N||
HJOSEF01|HJOSEF01|00|HOGAST ITALIEN EINKAUFSGEN.|FUR DAS HOTEL- UND GASTGEWERBE|SCHLACHTHOFSTRASSE, 53-B|BOZEN|BZ|39100|01342330212||03|N||
HJULIA01|HJULIA01|00|HOGAST ITALIEN EINKAUFSGEN.|FUR DAS HOTEL- UND GASTGEWERBE|SCHLACHTHOFSTRASSE, 53-B|BOZEN|BZ|39100|01342330212||01|N||
HJULIANE|HJULIA01|00|HOTEL JULIANE KG|D. INDERST JOHANN & C.|FELDWEG, 6|MERAN|BZ|39012|01342330212||02|N||
HKIRCH01|HKIRCH01|00|HOGAST ITALIEN EINKAUFSGEN.|FUR DAS HOTEL- UND GASTGEWERBE|SCHLACHTHOFSTRASSE, 53-B|BOZEN|BZ|39100|01342330212||01|N||
HKIRCHST|HKIRCH01|00|KIRCHSTEIGER KG D.PIRCHER CHR.|GASTHOF KIRCHSTEIGER|PROBST WIESER WEG, 5|LANA / VOELLAN|BZ|39011|01342330212||02|N||
HLADUR01|HLADUR01|00|HOGAST ITALIEN EINKAUFSGEN.|FUR DAS HOTEL- UND GASTGEWERBE|SCHLACHTHOFSTRASSE, 53-B|BOZEN|BZ|39100|01342330212||01|N||
HLADURNE|HLADUR01|00|HOTEL LADURNER|LADURNER SIEGFRIED|O.GAIGHERSTRASSE, 13|MERAN|BZ|39012|01342330212||02|N||
HMARIATH|HMARIA01|00|ROSENHOTEL MARIA THERESIA|DES KUEN WOLFGANG & CO. KG|ROSENGARTENSTRASSE, 10|ALGUND|BZ|39022|01342330212||02|N||
HMIRAB01|HMIRAB01|00|HOGAST ITALIEN EINKAUFSGEN.|FUR DAS HOTEL- UND GASTGEWERBE|SCHLACHTHOFSTRASSE, 53-B|BOZEN|BZ|39100|01342330212||01|N||
HMUCHE01|HMUCHE01|00|HOGAST ITALIEN EINKAUFSGEN.|FUR DAS HOTEL- UND GASTGEWERBE|SCHLACHTHOFSTRASSE, 53-B|BOZEN|BZ|39100|01342330212||01|N||
HMUCHELE|HMUCHE01|00|HOTEL MUCHELE GMBH||MAIERGASSE, 1|BURGSTALL|BZ|39014|01342330212||03|N||
HOBERL01|HOBERL01|00|HOGAST ITALIEN EINKAUFSGEN.|FUR DAS HOTEL- UND GASTGEWERBE|SCHLACHTHOFSTRASSE, 53-B|BOZEN|BZ|39100|01342330212||01|N||
HOBERLEC|HOBERL01|00|OBERLECHNER KG||VELLAU, 7|ALGUND|BZ|39022|01342330212||02|N||
HOCHSTER|HOCHSTER|00|HOCHSTERHUTTE|D. BERTAGNOLLI|AUSSERLAHN, 16|ST. GERTRAUD|BZ|39010|01352850216|1|01|N||
HOCKEY|HOCKEY|00|HOCKEY CLUB MERANO JUNIOR||VIA PALADE, 74|MERANO|BZ|39012|02335220212|1|01|N||
HOFMANNK|HOFMANNK|00|HOFMANNKELLER||KRAVOGLSTRASSE,8|LANA|BZ|39011|||01|N||
HOFSTATT|HOFSTATT|00|BUSCHENSCHANK HOFSTATTERHOF|GASSEBNER OSKAR|OBERNARAUNERWEG, 11|TISENS|BZ|39010|01158180214||01|N||
HOLZL01|HOLZL01|00|HOLZL JOHANN & CO.||LAUBENGASSE, 215|MERAN|BZ|39012|01509670210||01|N||
HOLZMANN|HOLZMANN|00|GARDEN HOTEL HOLZMANN|DES LORENZ HOLZMANN|BRENNERSTRASSE,15|MERAN|BZ|39012|00432060218||01|N||
HOLZNE01|HOLZNE01|00|HOLZNER JOSEF||GAMPENSTRASSE, 15|TSCHERMS|BZ|39010|01693350215||01|N||
HOLZNE02|HOLZNE02|00|HOLZNER ALEXANDER|DORFMETZGEREI|A. HOFERSTRASSE, 15|LANA|BZ|39011|01436230211||01|N||
HONGKONG|HONGKONG|00|RISTORANTE HONGKONG||VIA GARIBALDI, 3|MERANO|BZ|39012|02246220210|1|01|N||
HPIENZ01|HPIENZ01|00|HOGAST ITALIEN EINKAUFSGEN.|FUR DAS HOTEL- UND GASTGEWERBE|SCHLACHTHOFSTRASSE, 53-B|BOZEN|BZ|39100|01342330212||01|N||
HPIENZEN|HPIENZ01|00|HOTEL PIENZENAU|AM SCHLOSSPARK OHG|HOFER ROBERT|PIENZENAUWEG, 1/A MERAN|BZ|39012|01342330212|1|02|N||
HPLANT01|HPLANT01|00|HOGAST ITALIEN EINKAUFSGEN.|FUR DAS HOTEL- UND GASTGEWERBE|SCHLACHTHOFSTRASSE, 53-B|BOZEN|BZ|39100|01342330212||01|N||
HPLANTIT|HPLANT01|00|ANSITZHOTEL PLANTITSCHERHOF|GUFLER JOHANNES|DANTE ALIGHIERI-STRASSE, 56|MERAN|BZ|39012|01342330212||02|N||
HPOLLI01|HPOLLI01|00|HOGAST ITALIEN EINKAUFSGEN.|FUR DAS HOTEL- UND GASTGEWERBE|SCHLACHTHOFSTRASSE, 53-B|BOZEN|BZ|39100|01342330212||01|N||
HPOLLING|HPOLLI01|00|HOTEL POLLINGER GMBH||MARIA TROSTSTRASSE, 30|MERAN|BZ|39012|01342330212||02|N||
HSONNE01|HSONNE01|00|HOGAST ITALIEN EINKAUFSGEN.|FUR DAS HOTEL- UND GASTGEWERBE|SCHLACHTHOFSTRASSE, 59|BOZEN|BZ|39100|01342330212||01|N|00700|
HSONNENH|HSONNE01|00|PENSION SONNENHEIM|PLANK ALOIS & CO OHG|HAFLING,63|HAFLING|BZ|39010|01342330212||01|N|00700|
HSULFN01|HSULFN01|00|HOGAST ITALIEN EINKAUFSGEN.|FUR DAS HOTEL- UND GASTGEWERBE|SCHLACHTHOFSTRASSE, 53-B|BOZEN|BZ|39100|01342330212||01|N||
HTIROL01|HTIROL01|00|HOGAST ITALIEN EINKAUFSGEN.|FUR DAS HOTEL- UND GASTGEWERBE|SCHLACHTHOFSTRASSE, 53-B|BOZEN|BZ|39100|01342330212||01|N||
HTIROLEN|HTIROL01|00|HOTEL TIROLENSIS|HOLIDAY GMBH|PRISSIANERSTRASSE, 75/A|TISENS|BZ|39010|01342330212||02|N||
HTIVOL01|HTIVOL01|00|HOGAST ITALIEN EINKAUFSGEN.|FUR DAS HOTEL- UND GASTGEWERBE|SCHLACHTHOFSTRASSE, 53-B|BOZEN|BZ|39100|01342330212||01|N||
HTIVOLI|HTIVOL01|00|HOTEL VILLA TIVOLI|DEFRANCESCHI RUDOLF & C. KG|VERDISTRASSE, 72|MERAN|BZ|39012|01342330212||02|N||
HUBER03|HUBER03|00|HUBER SPECK|DES HUBER GUNTHER|FALGERWEG, 1|VOLLAN|BZ|39011|03143760217||01|N||
HURBAN|HURBAN01|00|PENSIONE ST. URBAN|ASTER SRL|VIA SCHALLHOF, 16|MERANO|BZ|39012|01342330212||02|N||
HURBAN01|HURBAN01|00|HOGAST ITALIEN EINKAUFSGEN.|FUR DAS HOTEL- UND GASTGEWERBE|SCHLACHTHOFSTRASSE, 53-B|BOZEN|BZ|39100|01342330212||01|N||
HVIERT01|HVIERT01|00|HOGAST ITALIEN EINKAUFSGEN.|FUR DAS HOTEL- UND GASTGEWERBE|SCHLACHTHOFSTRASSE, 53-B|BOZEN|BZ|39100|01342330212||01|N||
HVIKTO01|HVIKTO01|00|HOGAST ITALIEN EINKAUFSGEN.|FUR DAS HOTEL- UND GASTGEWERBE|SCHLACHTHOFSTRASSE, 59|BOZEN|BZ|39100|01342330212||01|N|00700|
HVIKTORI|HVIKTO01|00|HOTEL VIKTORIA|D. PLATZER MANFRED KG|FALZEBNERSTRASSE, 9|HAFLING|BZ|39010|01342330212||02|N||
HVOLLA01|HVOLLA01|00|HOGAST ITALIEN EINKAUFSGEN.|FUR DAS HOTEL- UND GASTGEWERBE|SCHLACHTHOFSTRASSE, 53-B|BOZEN|BZ|39100|01342330212||01|N|00700|
HVOLLANE|HVOLLA01|00|VOLLANERHOF GMBH||PROBST WIESER WEG, 30|VOLLAN|BZ|39011|01342330212||02|N||
HWESTE01|HWESTE01|00|HOGAST ITALIEN EINKAUFSGEN.|FUR DAS HOTEL- UND GASTGEWERBE|SCHLACHTHOFSTRASSE, 53-B|BOZEN|BZ|39100|01342330212||01|N|00700|
HWESTEND|HWESTE01|00|HOTEL WESTEND|D.ALEXANDER STROHMER GMBH|SPECKBACHERSTRASSE, 9|MERAN|BZ|39012|01342330212||01|N||
INITIATI|INITIATI|00|INITIATIVE 1 GMBH||VIA DANTE, 79|MERANO|BZ|39012|01741240210|1|01|N||
INNEREBN|INNEREBN|00|INNEREBNER MARTHA IN|NARDONE - OBST U. GEMUSE|HAUPTSTRASSE, 84|SCHLANDERS|BZ|39028|00989620216||01|N||
INNERH01|INNERH01|00|INNERHOFER PHOTODESIGN|OHG|FREIHEITSSTRASSE, 129|MERAN|BZ|39012|02208300216||01|N||
INNERWIR|INNERWIR|00|GAST.POST|GRUBER MARTA|ST.PANKRAZ,96|ST.PANKRAZ|BZ|39010|01697320212||01|N||
INSPEK01|INSPEK01|00|INSP.F.LAND-F-HAUSWIRTS.|BERUFSERTUCHTIGUNG|ESF-BAUERLICHER HAUSGARTEN|BRENNERSTR.6 BOZEN|BZ|39100|||01|N||
INSPEKTO|INSPEKTO|00|INSP.F.BERUFS.AUSBILD IN|DEUTSCH.& LADIN.SPRACHE|DANTESTRASSE,11|BOZEN|BZ|39100|00390090215||01|N||
IPPODROM|IPPODROM|00|PIZZERIA IPPODROMO||VIA PALADE, 140|MERANO|BZ|35012|01253410219|1|01|N||
IPRONA|IPRONA|00|IPRONA LANA SPA||INDUSTRIESTRASSE, 1/6|LANA|BZ|39011|00207010216||01|N||
IRIS|IRIS|00|PENSION IRIS|RIEDER JOHANN|PETRARCA STRASSE, 36|MERAN|BZ|39012|00038620217||01|N||
JOHANNEU|JOHANNEU|00|BISCHOFLICHES SEMINAR|JOHANNEUM|SEMINARSTRASSE, 25|DORF TIROL|BZ|39019|82001210218||01|N||
JUGENDLA|JUGENDLA|00|JEKA ST.PAULUS|JUGENDLAGER MARTELL|RIED 103|MARTELL|BZ|39020|||01|N||
JUNGLE|JUNGLE|00|JUGENDZENTRUM JUNGLE|EMANUELA ALBIERI|ST. JOSEFSTRASSE, 1|MERAN|BZ|39012|01434340210||01|N||
KAISER01|KAISER01|00|LANDESHOTELFACHSCHULE KAISERHOF|DIAT LEHRGANG CIG: Z0C11E36B9|FREIHEITSSTRASSE, 115|MERAN|BZ|39012|00390090215||01|N||
KAISER02|KAISER02|00|LANDESHOTELFACHSCHULE KAISERHOF|LEHRGANG FIT FOR FUN|FREIHEITSSTR. 115|MERAN|BZ|39012|00390090215||01|N||
KAISERHO|KAISER04|00|LANDESHOTELFACHSCHULE|KAISERHOF|FREIHEITSSTRASSE, 155|MERAN|BZ|39012|02607440217|||N|02180|
KATHOL02|KATHOL02|00|KATH. JUNGSCHAR SUDTIROLS|ORTSGRUPPE TIROL|SILVIUS-MAGNAGO-PLATZ 7|BOZEN|BZ|39100|80008880215||01|N||
KATZENZU|KATZENZU|00|CASTEL KATZENZUNGEN OHG|POBITZER E.& CO.|PRISSIAN NR. 11|TISENS|BZ|39010|01561590215||01|N||
KAUFMA01|KAUFMA01|00|KAUFMANN CLAUDIA KG||DR.WEINGARTNERSTRASSE, 34|LANA|BZ|39011|02750440212|||N||
KELLEREI|KELLEREI|00|KELLEREIGENOSSSENSCHAFT|NALS|HEILIGBERGERSTRASSE, 2|NALS|BZ|39010|00126790211||01|N||
KERSCHBA|KERSCHBA|00|KERSCHBAUMER ALOIS|WEISSEN - HOF|WEISSENHOF-NALSERSTR.8|VILPIAN|BZ|39010|01412950212||01|N||
KINDER03|KINDER03|00|GEMEINDE SCHENNA|KINDERGARTEN|ERZH. JOHANN PLATZ, 1|SCHENNA|BZ|39017|00446860215|||N|02080|
KINDER04|KINDER04|00|KINDERGARTEN DORF TIROL|GEMEINDE DORF TIROL|HASLACHSTRASSE 8|DORF TIROL|BZ|39019|00445330210|||N|01980|
KINDER10|KINDER10|00|KINDERGARTENVEREIN OBERMAIS|OBERMAIS|VERGILSTRASSE, 28|MERAN|BZ|39012|91001760213||01|N||
KINDER12|KINDER12|00|SCUOLA MATERNA| LA FIABA|VIA BERSAGLIO, 22|MERANO|BZ|39012|00394920219|1||N|01650|
KINDER13|GEMEIN13|00|SCUOLA MATERNA GIROTONDO|CIG: ZCA0CC0A03|VIA ROMA, 132|MERANO|BZ|39012|00394920219|1||N|01650|
KINDER14|GEMEIN14|00|SCUOLA MATERNA REGINA ELENA||VIA BATTISTI, 10|SINIGO - MERANO|BZ|39012|00394920219|1||N||
KINDER15|GEMEIN15|00|SCUOLA MATERNA FROBEL||CORSO LIBERTA', 127|MERANO|BZ|39012|00394920219|1||N||
KINDER17|GEMEIN17|00|NIDO MADDALENA DI CANOSSA||MAIASTRASSE, 1/A|MERAN|BZ|39012|00394920219|||N||
KINDER18|KINDER18|00|SCUOLA MATERNA||VIA ROMA,67|POSTAL|BZ|39014|01279760217|1|01|N||
KINDER19|GEMEIN19|00|KINDERGARTEN  MERAN STADT|CIG: ZCA0CC0A03|GALILEISTRASSE, 39|MERAN|BZ|39012|00394920219|||N|01650|
KINDER29|KINDER29|00|GEMEINDE MARLING|ABLADESTELLE KINDERGARTEN|KIRCHPLATZ, 1|MARLING|BZ|39020|00232370213|||N|02280|
KINDER33|GEMEIN44|00|SCUOLA MATERNA MAIA ALTA| COCCINELLA|VIA VIRGILIO, 28|MERANO|BZ|39012|00394920219|1||N|01650|
KINDER35|KINDER35|00|KINDERGARTEN VERDINS|GEMEINDE SCHENNA|ERZH. JOHANN PLATZ, 1|SCHENNA|BZ|39017|00446860215|||N|02080|
KINDER38|KINDER38|00|GEMEINDE TISENS||DORF, 80|TISENS|BZ|39010|82005150212|||N|01680|
KINDER40|GEMEIN40|00|KINDERGARTEN ST. GEORG|SOMMERINITIATIVEN 2010|VERGILSTRASSE, 28|MERAN|BZ|39012|00394920219|||N|01650|
KIOSKZOS|KIOSKZOS|00|KIOSK ZOSCHG||NATIONALSTRASSE, 10|LATSCH|BZ|39021|01220510216||01|N||
KIRCHS01|KIRCHS01|00|GASTHOF KIRCHSTEIGER|PIRCHER VERUSCHKA|ST.WALBURG 179|ULTEN|BZ|39016|01675140212||01|N||
KIRCHS02|KIRCHS02|00|HANDLUNG KIRCHSTEIGER|PIRCHER BRUNO|ST.WALBURG|ULTEN|BZ|39016|00179760210||01|N||
KLEONALO|KLEONALO|00|KLEON ALOIS||FRAKTION SALTAUS, 5|SALTAUS|BZ|39010|01601130212||01|N||
KOFLER03|KOFLER03|00|MODEHAUS KOFLER||Brennerstrasse 35|VAHRN|BZ|39040|01179500218|T|01|N||
KOFLER05|KOFLER05|00|GEBR. KOFLER|SPECK U. WURSTERZEUGUNG|MALGASOTT, 2|U.L.FRAU WALDE ST.FELIX|BZ|39010|00374130219||01|N||
KONIG|KONIG|00|KONIG HERMANN KG|DER KONIG MARGRET|FREIHEITSSTRASSE, 168|MERAN|BZ|39012|01192240214||01|N||
KROLLNER|KROLLNER|00|PENSION KROLLNERHOF KG|CARLI MICHAELA UND NICOLE|ULTNERSTRASSE, 1/A|LANA|BZ|39011|00596110213||01|N||
KUHNEL|KUHNEL|00|JUWELIER GERHARD KUHNEL||HAUPTSTRASSE, 91|SCHLANDERS|BZ|39028|00734220213||01|N||
KURVERWA|KURVERWA|00|KURVERWALTUNG MERAN||FREIHEITSSTR, 45|MERAN|BZ|39012|00197440217||01|N||
KVW04|KVW04|00|KVW|SENIORENKLUB SCHNALS|UNSER FRAU, 120|SCHNALS|BZ|39020|93000380217||01|N||
LAGEDER|LAGEDER|00|HANDLUNG LAGEDER|LAGEDER PETER PAUL|MAREINERSTRASSE, 2|KASTELBELL|BZ|39020|02241800214||01|N||
LALTRAFR|LALTRAFR|00|L'ALTRA FRUTTA|LUNARDI SANDRO & C. SNC|VIA L. BENEDETTI, 27|GALZIGNANO TERME|PD|35030|00093700284|1||N||
LANANERD|LANANERD|00|LANANER DORFFEST|SCHONWEGER ROBERT|HIRZERSTRASSE, 35/B|LANA|BZ|39011|91300300216||01|N||
LANAREPR|LANAREPR|00|LANAREPRO GMBH||PETER-ANICH-STR. 14|LANA INDUSTRIEGEBIET|BZ|39011|00842170219||01|N||
LANER|LANER|00|LANER REINHARD|WURSTELSTAND UNTERMAIS|LOCHERWEG,20|HAFLING|BZ|39010|01688830213||01|N||
LECHNER|LECHNER|00|LECHNER|HERBERT|DR.-F.-TAPPEINER-GASSE, 1|LAAS|BZ|39023|00860730217||01|N||
LEHRLI01|LEHRLI01|00|AMT FUR LEHRLINGSWESEN SERVICE|Z.H. HERRN MANFRED AGOSTINI|RAIFFEISENSTRASSE, 5|BOZEN|BZ|39100|00390090215||01|N||
LEHRLI02|LEHRLI02|00|AMT FUR LEHRLINGSWESEN|UND MEISTERAUSBILDUNG|DANTESTRASSE, 10|BOZEN|BZ|39100|00390090215||01|N||
LEINER|LEINER|00|LEINER CHRISTIAN||NORDERSTRASSE, 23|MARLING|BZ|39020|01287120214||01|N||
LELITE|LELITE|00|CAFE L'ELITE|DI MARTINA FABIOLA & CO.SAS|VIA CARDUCCI, 3|MERANO|BZ|39012|01578150219|1|01|N||
LEMAYR|LEMAYR|00|LEMAYR BACKEREI||GALVANISTRASSE, 18|BOZEN|BZ|39100|00857300214||01|N||
LEONBURG|LEONBURG|00|LEONBURG|JAKOB BRANDIS|ACKPFEIF, 2|TISENS|BZ|39010|00514500214||01|N||
LOWENW02|LOWENW02|00|RESTAURANT ZUM LOWEN|MATSCHER ALOIS JOSEF|HAUPTSTRASSE,72|TISENS|BZ|39010|01243630215||01|N||
LUNARDI|LUNARDI|00|LUNARDI S.N.C.|DI IEMBO RAFFAELE & C.|CORSO STATI UNITI, 50|PADOVA|PD|35127|02579290285|1||N||
LUTZHO01|LUTZHO01|00|GARNI LUTZ SCHNITZER KG|DES MARKUS SCHNITZER & CO.|LUTZWEG, 6|DORF TIROL|BZ|39019|01742410218||01|N||
MAIA|MAIA|00|FELISATTI E ARCATI SAS|DI FELISATTI MURIANNI ANTONIO|VIA NAZIONALE, 38/40|SINIGO - MERANO|BZ|39010|01173520212|1|01|N||
MAIR|MAIR|00|DESPAR MAIR MATSCHER|DER MATSCHER ALEXANDRA|PRISSIAN, 88|PRISSIAN|BZ|39010|02634090217||01|N||
MAISER|MAISER|00|MAISER VEREINSVERBAND|WALDNER JOSEF|PFARRGASSE, 18|MERAN|BZ|39012|91016810219||01|N||
MAISERBU|MAISERBU|00|MAISER BUEHNE|FRITZ HELMUTH|ALTE LANDSTRASSE, 5|ALGUND|BZ|39022|91032770215||01|N||
MANGIONE|MANGIONE|00|MANGIONE BUFFAGNI LUCIA||VIA NAZIONALE, 70|SINIGO / MERANO|BZ|39012|00177600210|1|01|N||
MARCHESI|MARCHESI|00|MARCHESI PRISKA JOSEFINE||LAHNSTR. 37|RABLAND|BZ|39020|00756160214||01|N||
MARGES01|MARGES01|00|MARGESIN JOSEF||KIRCHWEG,44|LANA|BZ|39011|01218200218||01|N||
MARIA|MARIA|00|RESTAURANT MARIA||FALZEBENSTRASSE, 128|HAFLING|BZ|39010|01565570213||01|N||
MARIATHE|MARIATHE|00|CAFE' MARIA THERESIA|FLEDERSBACHER ANDREAS|RENNWEG, 16|MERAN|BZ|39012|02553270212||01|N||
MARISCO|MARISCO|00|AL MARISCO|PAL D. CORNELI PAOLO & CO. SNC|VICOLO DELLA ROGGIA, 2|MERANO|BZ|39012|02301780215|1|01|N||
MARKETES|MARKETES|00|BAR MARKET ESSO|KIENZL HERBERT KG SAS|NALSERSTRASSE, 30|VILPIAN|BZ|39010|01305700211||01|N||
MASCI|MASCI|00|MASCI||VIA ROMA,1|MERANO|BZ|39012|91015300212|1|01|N||
MAURIZIO|MAURIZIO|00|RIST. DA MAURIZIO|CASAGRANDE MAURIZIO|VIA FORESTALE, 11|SOLDA|BZ|39029|02360790261|1|01|N||
MAXI|MAXI01|00|MAXI C & C  SPA||VIA PALADE, 100|MERANO|BZ|39012|00962450961||01|N||
MAZZET01|MAZZET01|00|GOLDFRUIT SNC||VIA PASSEGGIATA D'INVERNO, 23|MERANO|BZ|39012|01586350215|1|01|N||
MAZZETTO|MAZZETTO|00|GOLDFRUIT SNC||PIAZZA DUOMO|MERANO|BZ|39012|01586350215|1|01|N||
MEDUS|MEDUS|00|MEDUS OHG|D. FRANZ GOGELE & CO.|ST. GEORGENSTRASSE, 7/A|MERAN|BZ|39012|00854110210||01|N||
MEISTE01|MEISTE01|00|WOLFGANG MEISTER & CO.OHG|FILIALE KASTELBELL|HAUPTSTRASSE,19|SCHLANDERS|BZ|39028|01185040217||01|N||
MEMC|MEMC01|00|MEMC ELECTRONIC MATERIAL SPA|A GLOBALWAFERS COMPANY|VIA NAZIONALE, 55|MERANO|BZ|39012|00889590030|1|01|N||
MEMC01|MEMC01|00|MEMC ELECTRONIC MATERIALS SPA|A GLOBALWAFERS COMPANY|VIALE GHERZI, 31|NOVARA|NO|28100|00889590030|1|01|N||
MENDELHO|MENDELHO|00|HOTEL MENDELHOF|FAM.RESO|WINKELWEG,45|MERAN|BZ|39012|00561960212||01|N||
MENSASCO|GEMEIN33|00|MENSA SCOLASTICA TOTI||VIA MONTE TESSA, 14/C|MERANO|BZ|39012|00394920219|1||N||
MERANBRE|MERANBRE|00|MERANBREAK SAS MENSA MEMC|D.MATTIAZZO C.& C.|VIA NAZIONALE,74|SINIGO|BZ|39011|01286660210|1|01|N||
MERANERH|MERANERH|00|HOTEL MERANERHOF GMBH|FAM.EISENKEIL|MANZONISTRASSE,1|MERAN|BZ|39012|01584570210||01|N||
MERANERK|MERANERK|00|MERANERKELLEREI GEN.M.B.H.||MARKUSSTR. 11|MERAN|BZ|39012|00101040210|T|01|N||
MERANOIN|MERANOIN|00|MERANER INN|ENRICO SAS|VIA RESIA, 10|BOLZANO|BZ|39100|02617200213|1|03|N||
MESSORI|MESSORI|00|MESSORI GIOVANNI|FRUTTA|PIAZZA ERBE, 49|BOLZANO|BZ|39100|00661140210|1|01|N||
MGG|MGG|00|M. G. G.  GMBH||FREIHEITSSTRASSE, 27|MERAN|BZ|39012|01267150215||01|N||
MIGNON01|MIGNON03|00|PARK HOTEL MIGNON||GRABMAYRSTRASSE,5|MERAN|BZ|39012|02824360214||01|N|00700|
MILCHB01|MILCHB01|00|FUCHS ROMAN & CO. OHG|MILCHBAR|HOFGASSE, 8|LATSCH|BZ|39021|00748460219||01|N||
MILCHB02|MILCHB02|00|MILCHBAR|EGGER HERMANN & CO OHG|FREIHEITSTRASSE,146|MERAN|BZ|39012|00922670211||01|N||
MILCHHOF|MILCHHOF|00|MILCHHOF MERAN GEN.M.B.H.||SCHOTTERWERKSTRASSE, 5|MERAN|BZ|39012|00101080216||01|N||
MILITARE|MILITARE|00|COM.MIL.REG.TRENT.A.A.|CIRC.UNIFICATO DI MERANO|MENSA OBBL. SERVIZIO|VIA MAINARDO,132 MERANO|BZ|39012|96050290228|1|01|N||
MIMAC|MIMAC|00|MIMAC GMBH||SCHLACHTHOFSTRASSE, 91-93|BOZEN|BZ|39100|00608410213||01|N||
MINERVA|MINERVA|00|HOTEL MINERVA OHG||CAVOURSTRASSE, 95|MERAN|BZ|39012|01090630219||01|N||
MOTORUNI|MOTORUNI|00|MOTORUNION GMBH||GOETHESTRASSE,37|MERAN|BZ|39012|01564120218||01|N||
MUSIKK03|MUSIKK03|00|MUSIKKAPELLE GRATSCH|LADURNER GEORG|MOARHOF|GRATSCH MERAN|BZ|39012|||01|N||
MUSIKVER|MUSIKVER|00|MUSIKVEREIN GRATSCH|RAICH MATTHIAS|KIRCHWEG, 41|RIFFIAN|BZ|39010|00425360211||01|N||
MUTHER|MUTHER|00|METZGEREI|MUTHER OSKAR|INDUSTRIESTRASSE, 29|LAAS|BZ|39023|00460110216||01|N||
NAIF|NAIF|00|COOPERATIVA NAIF SRL||VIA NAZARIO SAURO, 8|SINIGO MERANO|BZ||01527080210|1|01|N||
NALSERBA|NALSERBA|00|NALSERBACHER KELLER|PALLWEBER LUCIO|PRISSIANERSTRASSE, 1|TISENS|BZ|39010|01244720213||01|N||
NAPOLEON|NAPOLEON|00|ORTOFRUTTA NAPOLEON SRL||VIALE DEL LAVORO,11|VERONA|VR|37135|00661740233|1||N||
NATALE|NATALE|00|NATALE GALEAZZO SRL||C.SO STATI UNITI, 50|CAMIN|PD|35020|01436810285|1||N||
NIDO|NIDO|00|HOTEL NIDO|ZANAGA HELL SNC|GILMSTRASSE, 6|MERAN|BZ|39012|00289630212|1|01|N||
OBERKOFL|OBERKOFL|00|OBERKOFLER LUIS||OBSTMARKT, 48|BOZEN|BZ|39100|00538160219||01|N||
OBSTGENO|OBSTGENO|00|OBSTGENOSSENSCHAFT|TSCHERMS GEN.M.B.H.|GAMPENSTRASSE, 6|TSCHERMS|BZ|39010|00124800210||01|N||
OBSTLA01|OBSTLA01|00|OBSTLADELE|D. FIEDLER ROSA MARIA|BRUNNENPLATZ, 22|MERAN|BZ|39012|02248380210||01|N||
OBSTLADE|OBSTLADE|00|OBSTLADEN OHG|PICHLER WERNER & CO|A. HOFERSTRASSE, 25|LANA|BZ|39011|01097850216|||N||
OCHNER|OCHNER|00|GEBR. OCHNER W. U. G. OHG|TRANSPORTE|FELDWEG, 10|BURGSTALL|BZ|39014|01087530216||01|N||
OLIVETTI|OLIVETTI|00|OLIVETTI BINI & CO.OHG||PFARRGASSE, 16|MERAN|BZ|39012|00626760219||01|N||
ORTOFR01|ORTOFR01|00|ORTOFRUTTA FLORIAN SNC|DI E.& G.|VIA MONDINI, 2|VITTORIO VENETO|TV|31029|00653160267|1|01|N||
PALAMY|PALAMY|00|BAR PALAMY - MENGON|ILLUMINATA & C. SAS|VIA SIGMUND SCHWARZ, 8|TERLANO-VILPIANO|BZ|39018|00685340218|1|01|N||
PALMA|PALMA|00|BAR PALMA|AELENEI ELENA|VIA S. GIORGIO, 14|MERANO|BZ|39012|02974850212|1|01|N||
PARETERO|PARETERO|00|PARETE ROSSA|DI FELLER LORENZO & CO.|VIA PIFFING,8|AVELENGO|BZ|39020|01653200210|1|01|N||
PARIS|PARIS|00|GASTHAUS ST.MORITZ|PARIS ALFRED|GRUBERG,607|ST.WALBURG|BZ|39016|00549120210||01|N||
PARK|PARK|00|RISTORANTE PARK|DI PUFF STEPHAN SAS|VIA PIAVE, 3|MERANO|BZ|39012|01453080218|1|01|N||
PARPAIOL|PARPAIOL|00|RIST. DA GIOVANNI SAS|PARPAIOLA G.|VIA MARONCELLI, 22|PADOVA|PD|35100|02006300285|1|01|N||
PARROCCH|PARROCCH|00|PARROCCHIA S. VIGILIO|ORATORIA S. PIO X|VIA ADIGE, 22|MERANO|BZ|39012|82002970216|1|01|N||
PASTASHO|PASTASHO|00|PASTA SHOP|COVA CLAUDIO|VIA PORTICI, 29|MERANO|BZ|39012|02336650219|1|01|N||
PATAUNER|PATAUNER|00|REST. PATAUNER|DES PATAUNER HEINRICH & CO. KG|BOZNERSTRASSE, 6|SIEBENEICH / TERLAN|BZ|39018|01166590214||01|N||
PEDUS|PBURGGRA|00|PEDUS SERVICE-P.DUSSM.SRL||ALTERSHEIM-CAVOUSTR.|MERAN|BZ|39012|00124140211|1|01|N||
PELLIC01|PELLIC01|00|COMPRABENE SPA||VIA PROVINCIALE, 80|DALMINE|BG|24044|02180520161|1||N||
PELLICAN|PELLIC01|00|PELLICANO MERANO||VIA OTTO HUBER, 8|MERANO|BZ|39012|02180520161|1||N||
PERFLER|PERFLER|00|PERFLER KARL FRANZ|MITTAGERHUTTE|TSCHANDERLE WEG, 22|GOLDRAIN|BZ|39020|01585020215|T|01|N||
PERNTER|PERNTER|00|HILDEGARD PERNTER||ORAZIO GAIGERSTRASSE, 3|MERAN|BZ|39012|00164290215||01|N||
PETERSIL|PETERSIL|00|RESTAURANT PETERSILIE|OTHMAR OBERHAMMER|STADTSTRASSE, 43|KASTELBELL|BZ|39020|01726540212||01|N||
PFARRA01|PFARRA01|00|SENIORENCLUB ST. NIKOLAUS|EHRENAMT|PASSEIERSTRASSE, 3|MERAN|BZ|39012|00867240210||01|N||
PFEIFER|PFEIFER|00|PFEIFER BAU GMBH||HANDWERKERZONE, 16|DEUTSCHNOFEN|BZ|39050|01614860219||01|N||
PFOSTL01|PFOSTL01|00|PFOSTL HERITAGE GROUP GMBH||SCHENNASTRASSE, 1|SCHENNA|BZ|39017|03322730213||01|N||
PICHLE01|PICHLE01|00|PICHLER OSWALD||FREIHEITSSTR. 125|MERAN|BZ|39012|01552120212|T|01|N||
PILLER|PILLER|00|WOLFGANG PILLER||DANTESTRASSE, 10|BOZEN|BZ|39100|00489750216||01|N||
PIRCHERM|PIRCHERM|00|OBST + GEMUSE PIRCHER|KOFLER RITA|MAINHARDSTRASSE, 146|MERAN|BZ|39012|00745550210||01|N||
PIRRI01|PIRRI01|00|PIZZERIA PIRRI SAS|PIRRI UGO & CO.|VIA ROMA 90|POSTAL|BZ|39014|00745260216|1|01|N||
PISTORE|PISTORE|00|PISTORE MARGHERITA|& CO. SAS|VIA MATTEOTTI, 34|MERANO|BZ|39012|01155440215|1||N||
PLATTER|PLATTER|00|PENSION PLATTER|PLATTER CHRISTINA|BLUMENSTRASSE, 9|LANA|BZ|39011|01376690218||01|N||
PODER|PODER|00|HOTEL PODER GMBH||GILMANNWEG, 1|LANA|BZ|39011|00484250212||01|N||
PODER01|PODER01|00|PODER KONRAD|STOCKERHOF SPECKERZEUGUNG|LAHNSTRASSE, 47|RABLAND - PARTSCHINS|BZ|39020|00832750210||01|N||
POLLOG01|POLLOG01|00|POLLO GRILL|TROGER ANNA MARIA|VIA D.CHIESA, 38 B|MERANO|BZ|39012|00733510218||01|N||
PROFIFIL|PROFIFIL|00|PROFIFILM|WOLFGANG THOMASETH|PLANATSCH, 2|TERLAN|BZ|39018|00306850215||01|N||
PWEING02|PWEING03|00|HOTEL WEINGARTEN|STAFFLER MARTINA|MUHLGRABEN, 3|GARGAZON|BZ|39010|02616790214||02|N||
PWEING03|PWEING03|00|GASTRO-POOL ITALIEN GMBH||SCHLACHTHOFSTRASSE, 53-B|BOZEN|BZ|39100|02616790214||02|N||
QUAGLIO|QUAGLIO|00|PASTICC.QUAGLIO M. & C. SAS||VIA RIO SINIGO, 46-48|MERANO|BZ|39012|00692390214|1|01|N||
RACINGTE|RACINGTE|00|RACING TEAM MERAN||PASSEIRERSTRASSE, 79|ST.LEONHARD|BZ|39015|00737290213||01|N||
RAFFLKEL|RAFFLKEL|00|RAFFL CLUB|C & P V. GMBH|PFARRPLATZ, 32|MERAN|BZ|39012|02926180213||01|N||
RAICH|RAICH|00|RAICH MARLENE|GEMISCHTWAREN|DORFSTRASSE, 4|ST.MARTIN IN PASS.|BZ|39010|01524950217||01|N||
RAIFFE01|RAIFFE01|00|RAIFFEISENKASSE|SCHLANDERS|HAUPTSTRASSE,33|SCHLANDERS|BZ|39028|00171320211||01|N|03030|
RAIFFE03|RAIFFE03|00|RAIFFEISENKASSE TSCHARS|GENOSSENSCHAFT|HAUPTSTRASSE, 15|TSCHARS|BZ|39020|00136780210||01|N||
RAINER01|RAINER01|00|GASTHOF RAINER|D. MATHA' DORIS & CO. OHG|LAUBEN, 266|MERAN|BZ|39012|01724660210||01|N||
RATSCHIL|RATSCHIL|00|RATSCHILLER VERA & CO.OHG||FELDWEG, 1|BURGSTALL|BZ|39014|01153910219||01|N||
RAVANELL|RAVANELL|00|BETTINA RAVANELLI||MONTELLOSTRASSE, 7|BOZEN|BZ|39100|01259610218||01|N||
REDSUN|REDSUN|00|REDSUN SRL|SANTER CARLO ANTONIO|LAUBEN, 75|MERAN|BZ|39012|01756220214||01|N||
REGELE|REGELE|00|REGELE MARKUS||PLAZERSTRASSE, 27|EPPAN|BZ|39057|RGLMKS80L02A952F||01|N||
REINHILD|REINHILD|00|PENSION REINHILD|RAUCH JOSEF OHG|MUHLGASSE, 10|NALS|BZ|39010|01616010219||01|N||
REINHOLD|REINHOLD|00|REINHOLD MESSNER LAND||TROGERSTRASSE, 2|NATURNS|BZ|39025|01722230214||01|N||
RELAX|RELAX|00|VINOTHEK RELAX|UBERBACHER WERNER KG|CAVOURSTRASSE, 31|MERAN|BZ|39012|01135950218||01|N||
REWI|REWI|00|REWI BAU KG||ANDRIANERSTRASSE, 16/8|NALS|BZ|39010|02213880210||01|N||
RIEDLI01|RIEDLI01|00|R. RIEDLINGER GMBH|SCHERZARTIKEL|MEINHARDSTR,36|MERAN|BZ|39012|01383870217|T|01|N||
RIMMELE|RIMMELE|00|ILLMER HOTELS KG|DES ALFONS ILLMER & C.|HOTEL RIMMELE|SCHLOSSWEG,6 DORF TIROL|BZ|39019|01162240210|1|03|N|00700|
RITA02|RITA02|00|PENSION RITA|FAM.ALBER & CO.KG|SCHMIEDGASSE, 203|KORTSCH-SCHLANDERS|BZ|39028|00604020214||01|N||
RIZZATO|RIZZAT01|00|RIZZATO FRANCA|CHIOSCO FRUTTA|P.ZZA GRANO|MERANO|BZ|39012|01147050213||01|N||
ROSENG02|ROSENG02|00|HOT.PENS.REST.ROSENGARTEN|DES PIRCHER FRANZ|ST.GEORGENSTRASSE, 3|MERAN|BZ|39012|01541070213||01|N||
ROTTENST|ROTTENST|00|ROTTENSTEINER PAUL||BUCHEN, 11|ST.PANKRAZ/ULTEN|BZ|39010|01500990211||01|N||
RUBENS|RUBENS|00|CAFE RUBENS||LEON.DA VINCISTRASSE, 23|MERAN|BZ|39012|01496450212||01|N||
RUEPP|RUEPP|00|EISSTUBELE RUEPP|GOTSCH ROSWITHA|FRANZ INNERHOFERSTR. 6|MARLING|BZ|39020|01554970218||01|N||
RUIPACHE|RUIPACHE|00|ILLMER HOTELS KG|D. ALFONS ILLMER & C.|HOTEL RUIPACHERHOF|SEMINARSTR.11 DORF TIROL|BZ|39019|01162240210||03|N|00700|
RUNGGOGL|RUNGGOGL|00|RUNGGOGLHOF|PFEIFHOFER ELISABETH|VOLLANERWEG, 8|LANA|BZ|39011|00190970210||01|N||
SAIA|SAIA|00|SAIA E RUSSO SNC|MERCATO ORTOFRUTTICOLO|CORSO STATI UNITI, 50|PADOVA|PD|35020|00224910281|1|01|N||
SALGART|SALGART|00|PENSION SALGART GMBH||KATHARINASTRASSE,31|MERAN|BZ|39012|01537370213||01|N||
SALUS|SALUS|00|SALUS CENTER SRL - GMBH||PRISSIAN 75/M|TESIMO|BZ|39010|01445100215|1|01|N||
SANTONI|SANTONI|00|SOCIETA' ESERCIZI BAR SAS|DI SANTONI ROSA|VIA PIAVE, 2|MERANO|BZ|39012|01196900219||01|N||
SARDINIA|SARDINIA|00|SARDINIA SNC|DESSI L. & CO.|VIA A. PATTIS, 2|MARLENGO|BZ|39020|02289990216|1|01|N||
SAXIFR01|SAXIFR02|00|SAXIFRAGA KG - KURHAUS MERAN|DES BRUNNER MARKUS & CO.|FREIHEITSSTRASSE, 33|MERAN|BZ|39012|01621660214||01|N||
SAXIFR02|SAXIFR02|00|SAXIFRAGA KG|FAM. BRUNNER|ZENOBERG, 33|DORF TIROL|BZ|39019|01621660214||01|N||
SAXISFRA|SAXISFRA|00|SAXIFRAGA KG|DES BRUNNER MARKUS & CO.|ZENOBERG, 33|DORF TIROL|BZ|39019|01621660214||01|N||
SCACCHET|SCACCHET|00|SCACCHETTI & CO. SAS||PIAZZA VITTORIO VENETO, 6|SINIGO - MERANO|BZ|39012|00537310211|1|01|N||
SCARABEL|SCARABEL|00|SCARABELLO GIANNI||VIA CONSELVANA, 188/A|MASERA' DI PADOVA|PD|35020|02540330285|1|01|N||
SCARIZUO|SCARIZUO|00|SCARIZUOLA|GELTRUDE|VIA NAZIONALE, 54|SINIGO/MERANO|BZ|39012|00164630212|1|01|N||
SCHENK02|SCHENK02|00|PIZZERIA SCHENK||VIA ROMA, 46|POSTAL|BZ|39014|01754330213|1|01|N||
SCHLOSSK|SCHLOSSK|00|HOTEL SCHLOSS KORB AG/SPA|FAM.FRITZ DELLAGO|MISSIAN|EPPAN|BZ|39057|00857360218||01|N||
SCHNITZE|SCHNITZE|00|SCHNITZER JOHANN||SEGENBUHELWEG, 13|DORF TIROL|BZ|39019|SCHJNN41B13L178Y||01|N||
SCHULZE|SCHULZE|00|SCHULZE HERMINE|POSTFACH 63|LORENZERWEG, 15|LANA|BZ|39011|00582120218||01|N||
SCHUST02|SCHUST02|00|NATURKOST - CO. KG|SCHUSTER BERND|HAUPTSTRASSE, 113|SCHLANDERS|BZ|39028|01613990215||01|N||
SCHUST03|SCHUST03|00|NATURKOST - CO. KG|SCHUSTER BERND|HAUPTSTRASSE, 84|SCHLANDERS|BZ|39028|01613990215||01|N||
SCHUTZ02|SCHUTZ02|00|SCHUTZENKOMPANIE LANA|ANDREAS PIXNER|FELDWEG 5/1|LANA|BZ|39011|82010450219||01|N||
SCHWANBU|SCHWANBU|00|GUTSVERWALTUNG SCHWANBURG||SCHWANBURGSTRASSE, 16|NALS|BZ|39010|00492360219||01|N||
SCHWARZ|SCHWARZ|00|SCHWARZ EHRENREICH||DORFSTRASSE, 34|ST.MARTIN|BZ|39010|00208850214||01|N||
SCHWEIGK|SCHWEIGK|00|SCHWEIGKOFLER HANS &CO.KG||TRIBUSPLATZ, 2|LANA|BZ|39019|01207550219||01|N||
SCPASSEI|SCPASSEI|00|SPORTCLUB PASSEIER|SEKTION FUSSBALL|PASSEIRERSTR. 1|ST.LEONHARD I.PASS.|BZ|39015|82008710210||01|N||
SCRIGNO|SCRIGNO|00|RISTORANTE LO SCRIGNO|DI TONELLI ANDREA|VIA PLANKENSTEIN,5|MERANO|BZ|39012|01680590211|1|01|N||
SCUOLA02|SCUOLA02|00|PROV.AUT.BZ C.FORM.PROF.ALB.IT.|CORSO FSE FASCICOLO 2/83/2011|ORGANIZZATORE DI EVENTI|VIA K. WOLF - MERANO|BZ|39012|00390090215|1|01|N||
SEEHOF|SEEHOF|00|SEEHOF|PLATTER ALOIS|JOCHWEG, 21|MARLING|BZ|39020|00601200215||01|N||
SEIBSTOC|SEIBSTOC|00|SEIBSTOCK MANUFAKTUR GMBH||ENNEWASSER, 246|MARTELL|BZ|39020|02917240216||01|N||
SELIME01|SELIME01|00|SELIMEX GMBH||HAUPTSTR. 107|LATSCH|BZ|39021|01410930216|||N||
SENIOREN|SENIOREN|00|SENIORENCLUB|HORRER MARGARET|HEINRICH VOGELESTRASSE,31|SCHLANDERS|BZ|39028|80006160214||01|N||
SERVIZI|SERVIZI|00|SERVIZI DI RISTORAZIONE||VIA KRAVOGL, 4|BOLZANO|BZ|39100||1|01|N||
SGARGA01|SGARGA01|00|SIEBENFORCHER GMBH||MAX VALIERSTRASSE, 2-4|MERAN|BZ|39012|01374850210||01|N||
SGARGAZO|SGARGA01|00|MENSA GARGAZON|SIEBENFORCHER GMBH|GEWERBEZONE MITTERLING, 20|GARGAZON|BZ|39010|01374850210||01|N|00300|
SIEBEN01|SIEBEN01|00|SIEBENFORCHER FEINKOST GMBH||MITTERLING, 20|GARGAZON|BZ|39010|00590510210||01|N|00300|
SIEBEN03|SIEBEN03|00|SIEBENFORCHER GMBH||MAX VALIERSTRASSE, 2-4|MERAN|BZ|39012|01374850210||01|N||
SIEBENFO|SIEBEN01|00|SIEBENFORCHER FEINKOST GMBH||LAUBEN, 164|MERAN|BZ|39012|00590510210||01|N|00300|
SIGMUND|SIGMUND|00|RESTAURANT SIGMUND|SIGMUND NADIA & CO. OHG|FREIHEITSSTRASSE, 2|MERAN|BZ|39012|00689340214||03|N||
SINN|SINN|00|SINN PAUL||SCHENNASTRASSE,2|MERAN|BZ|39012|01691830218||01|N|00700|
SISSI|SISSI01|00|RISTORANTE SISSI|RUBINA & PULSAR SRL|VIA GALILEI, 44|MERANO|BZ|39012|03017190210|1|03|N||
SISSIAAA|SISSIAAA|00|RISTORANTE SISSI|DI ANDREA FENOGLIO|VIA GALILEI,44|MERANO|BZ|39012|01418470215|1|03|N||
SITTNERH|SITTNERH|00|HOTEL SITTNERHOF OHG|DER BRUNNER ALEXANDRA UND PATRIZIA|VERDISTRASSE, 58|MERAN|BZ|39012|01192360210||01|N||
SKUCHE|SKUCHE01|00|KUCHE CONVENIENCE|SIEBENFORCHER GMBH|MAX VALIERSTRASSE, 2-4|MERAN|BZ|39012|01374850210||01|N|00300|
SKUCHE01|SKUCHE01|00|SIEBENFORCHER GMBH||MAX VALIERSTRASSE, 2-4|MERAN|BZ|39012|01374850210||01|N||
SMENSA|SMENSA01|00|MENSA UNTERMAIS|SIEBENFORCHER GMBH|MAX VALIERSTRASSE, 2-4|MERAN|BZ|39012|01374850210||01|N|00300|
SMENSA01|SMENSA01|00|SIEBENFORCHER GMBH||MAX VALIERSTRASSE, 2-4|MERAN|BZ|39012|01374850210||01|N||
SONNE02|SONNE02|00|GASTHOF REST. ZUR SONNE|PIAZZI RENATA|MALGASOTT, 33|UNSERE LB.FRAU IM WALDE|BZ|39010|01122060211||01|N||
SONNE07|SONNE07|00|GASTHAUS ZUR SONNE|PRANTL MANFRED + CO OHG|KLOSTERGASSE,1|KASTELBELL/TSCHARS|BZ|39020|00733420210||01|N||
SONNEN02|SONNEN02|00|SONNENHOF KG|ISKA BRANDSTATTER & CO.|LEICHTERGASSE, 3|MERAN-OBERMAIS|BZ|39012|01718680216||01|N||
SONNENBU|SONNENBU|00|HOTEL SONNENBURG|WIESER WALTER & CO.KG|IFINGERSTRASSE, 14|MERAN|BZ|39012|00541190211||01|N||
SPARKASS|SPARKASS|00|SUDTIROLER SPARKASSE AG|NIEDERLASSUNG MERAN|SPARKASSENSTRASSE, 8|MERAN|BZ|39012|00152980215||01|N||
SPECHTEN|SPECHTEN|00|MARKET SPECHTENHAUSER STEFAN||UNSER FRAU, 83|SCHNALS|BZ|39020|02977550215||03|N||
SPORTC06|SPORTC06|00|SPORTCLUB MERAN|SEKTION KANU WCR|RENNWEG, 115|MERAN|BZ|39012|01465720215||01|N||
SPRODU01|SPRODU01|00|SIEBENFORCHER GMBH||MAX VALIERSTRASSE, 2-4|MERAN|BZ|39012|01374850210||01|N||
SPRODUKT|SPRODU01|00|PRODUKTION UNTERMAIS|SIEBENFORCHER GMBH|MAX VALIERSTRASSE, 2-4|MERAN|BZ|39012|01374850210||01|N|00300|
STADTGEM|STADTGEM|00|STADTGEMEINDE FURSORGEAMT|WEIHNACHTSESSEN|LAUBEN, 192|MERAN|BZ|39012|00394920219||01|N||
STAFFL01|STAFFL01|00|STAFFLER HUBERT & CO KG|GEMISCHTWARENHANDLUNG|DORF,225|ST.PANKRAZ|BZ|39010|01184910212||01|N||
STAFFLER|STAFFLER|00|STAFFLER PLONER IRMGARD|GEMISCHTWAREN|DORFL, 48|ST.PANKRAZ|BZ|39010|00078940210||01|N||
STEGERHO|STEGERHO|00|STEGER-HOF|ALBER ALFONS|VORAN,11|VORAN|BZ|39010|01101280210||01|N||
STEGHOF|STEGHOF|00|STEGHOF - WOLF MARGIT||HAUPTSTRASSE, 123A|NATURNS|BZ|39025|01402600215||01|N||
STEINER|STEINER|00|RUDOLF STEINER|SCHULVEREIN|SCHENNASTRASSE,47 A|MERAN|BZ|39012|91002890217||01|N||
STERN02|STERN02|00|RESTAURANT STERN||ZENTRUM, 3|LAUREIN|BZ|39040|00190220210||01|N||
STILFS01|STILFS01|00|HOTEL STILFSERJOCH SRL||PASSEGGIATA AL SOLE,6|SILANDRO|BZ|39028|00237650213|1|01|N||
STOFFLAD|STOFFLAD|00|STOFFLADEN BARBARA|HORT BARBARA|KORTSCH, 127|SCHLANDERS|BZ|39028|01375720214||01|N||
SUDTIR04|SUDTIR04|00|SUDTIROLER KUNSTLERBUND||WEGGENSTEINSTRASSE,12|BOZEN|BZ|39100|01147390213||01|N||
SUDTIR05|SUDTIR05|00|SUDTIROLER KOCHEVERBAND|Z.H. HERRN WIDMANN|FREIHEITSSTRASSE,62|MERAN|BZ|39012|00707300216||01|N||
SUPER|SUPER|00|SUPER OHG|HINTEREGGER VOLKMAR & CO.|MERANERSTRASSE,8|LANA|BZ|39011|01624990212||01|N|00200|
SYNPHONI|SYNPHONI|00|SYNPHONIC WINDS||WEINGARTNERWEG, 70|BOZEN|BZ|39100|94034530215||01|N||
TANGRAM|TANGRAM|00|TANGRAM GEN. M.B.H.|BACCIN SANDRO|LAUBEN, 204|MERAN|BZ|39012|00752000216|1|01|N||
TAPPEI01|TAPPEI01|00|TAPPEINER AG||INDUSTRIEZONE, 6|LANA|BZ|39011|01312520214||01|N||
TENNIS01|TENNIS01|00|GASTHOF TENNIS|DES TELSER CHRISTOF|BOZNERSTRASSE, 15|LANA|BZ|39011|01161740210||01|N||
THALER01|THALER01|00|THALER|MARKUS|VEZZAN|VEZZAN|BZ|39010|01503700211||01|N||
THALERDO|THALERDO|00|THALER DORIS||OBSTPLATZ - STAND NR. 38|BOZEN|BZ|39100|00748850211||01|N||
THEINE01|THEINE01|00|THEINER REINHILDE||VINSCHGAUERSTRASSE, 5|FORST|BZ|39012|00617510219|||N||
TIROLE02|TIROLE02|00|TIROLERHOF LAGUNDO SRL||VIA WEINGARTNER, 34|LAGUNDO|BZ|39022|02219860216||01|N||
TOGNANA|TOGNANA|00|TOGNANA SRL||VIA DEI CESARI, 24|ROSOLINA|RO|45010|01183230299|1||N||
TOP3|TOP3|00|TOP 3 - TREINDLERHOF OHG|GAMPER KARL HANS & CO.|BAHNHOFSTRASSE, 7|LATSCH|BZ|39021|00714070216||01|N||
TOURIS06|TOURIS06|00|TOURISMUSVEREIN MERAN||FREIHEITSSTRASSE, 45|MERAN|BZ|39012|||01|N||
TRAUTM01|TRAUTM01|00|RESTAURANT TRAUTMANNSDORF|GROSS ALBERT|ST.VALENTINSTRASSE, 17|MERAN|BZ|39012|01502890211||01|N||
TREFF|TREFF|00|PUB TREFF|BURGER NORBERT|HAUPTSTRASSE, 30|DORF TIROL|BZ|39019|02239520212||01|N||
TRIBUS02|TRIBUS02|00|TRIBUS HELENA MARTHA||GRAF VOLKMARSTR.3|BURGSTALL|BZ|39014|02493280214||01|N||
TROBINGE|TROBINGE|00|TROBINGER KG|DES TROBINGER ALOIS & CO.|ROMSTRASSE, 130|BURGSTALL|BZ|39014|01191870219||01|N||
TSCHAUFE|TSCHAUFE|00|GASTHAUS TSCHAUFEN|EGGER ROSAMARIA|TSCHAUFEN, 4|MOLTEN|BZ|39010|01111640213||01|N||
TSCHER01|TSCHER01|00|RESTAURANT TSCHERMS|GREIF ALOIS|GAMPENSTRASSE, 26|TSCHERMS|BZ|39010|00743040214||01|N||
TSCHIGG|TSCHIGG|00|GASTHAUS TSCHIGG|GEISER KARL|BERGERSTRASSE,22/1|MARLING|BZ|39020|01528130212||01|N||
TSCHINDL|TSCHINDL|00|TSCHINDLHOF|HEINRICH VON MORL|BERGSTRASSE, 36|ST. MICHAEL - EPPAN|BZ|39057|00554180216||01|N|00300|
TURINI|TURINI|00|TURINI NORBERT||ROMSTRASSE, 62|BURGSTALL|BZ|39014|01494110214||01|N||
TURMWI01|TURMWI01|00|GASTHOF TURMWIRT|BEYERSDORD INGRID GISELA|MAYENBURGSTRASSE,17|LANA/VOLLAN|BZ|39011|01159240215||01|N||
ULLY|ULLY|00|CAFE'ULLY|GILG HERBERT & CO.OHG|LAUBEN,50|MERAN|BZ|39012|01377150212||01|N||
UNGERI01|UNGERI01|00|GASTHAUS UNGERICHTHOF|UNGERICHT BARBARA|KUENSERSTRASSE, 55|KUENS|BZ|39010|02792750214||01|N||
UNTERHOL|UNTERHOL|00|UNTERHOLZNER ADOLF & CO. OHG|MUHLENBETRIEB - BACKMITTEL|IFINGERSTRASSE, 3|TSCHERMS|BZ|39010|00437920218||01|N||
UNTEROBE|UNTEROBE|00|GASTHAUS UNTEROBEREBEN|HALLER ELISABETH|ASCHBACHERSTRASSE, 4|PARTSCHINS|BZ|39020|01249520212||01|N||
UNTERWEG|UNTERWEG|00|GARNI UNTERWEGGUTL|NISCHLER MANFRED|ST.ZENOSTR.7|NATURNS|BZ|39025|01135470217||01|N||
URANIA|URANIA|00|VHS URANIA||ORTWEINSTRASSE, 6|MERAN|BZ|39012|00601760218||01|N||
VALENT01|VALENT01|00|HOTEL ST. VALENTIN|HALLER SIEGLINDE|VALENTINSTRASSE, 11|OBERMAIS - MERAN|BZ|39012|01337140212||01|N||
VALENT02|VALENT02|00|BAR MAINARDO-DA VALENTINA SNC|DI TIMONE SABINA & CO.|VIA MAINARDO|MERANO|BZ|39012|01739000212|1|01|N||
VARESCO|VARESCO|00|VARESCO STEFAN||SCHWANBURGSTRASSE, 17|NALS|BZ|39010|01485590218||01|N||
VENETA|VENETA|00|GARNI   LA VENETA|DI G.DIAMANTI & CO.SNC|VIA MONASTERO, 2|MERANO|BZ|39012|01528650219|1|01|N||
VERANUM|VERANUM|00|VERANUM OHG|DES ALBER MARKUS & CO.|DORF, 133|VORAN|BZ|39010|01500600216||01|N||
VERENA|VERENA|00|PENSION VERENA|VERENA COVI & CO KG|DR.J.WEINGARTNERSTR.13|LANA|BZ|39011|00493220214||01|N||
VERSCHON|VERSCHON|00|VERSCHONERUNGSVEREIN|VOLLAN|MAYENBURGSTRASSE,7|VOLLAN/LANA|BZ|39011|82011580212||01|N||
VERY|VERY|00|VERY IMPORTANT FRIENDS|ALBER VERENA|WINKELWEG, 66|MERAN|BZ|39012|91032430216||01|N||
VIDAMA|VIDAMA|00|VI.DA.MA. DI CASTAGNOTTO|VIRGINIO S.R.L.|VIA KENNEDY, 77|S. DONA' DI PIAVE|VE|30027|00742460272|1|01|N||
VIERJAHR|VIERJAHR|00|FIRST CLASS GMBH||ANDREAS HOFERSTRASSE, 8|SCHLANDERS|BZ|39028|02368570210||01|N||
VITTORIA|VITTORIA|00|BAR VITTORIA|ROSSI CRISTINA SAS|P.ZZA V.VENETO, 1|SINIGO/MERANO|BZ|39010|01461750216|1|01|N||
VOLGGER|VOLGGER|00|VOLGGER ERWIN|SPECK U. KASEVERKAUF|TOMBERWEG, 20|KASTELBELL / TSCHARS|BZ|39020|01045460217||01|N||
VOLKSMUS|VOLKSMUS|00|SUDT. VOLKSMUSIKKREIS|BEZIRK BURGGRAFENAMT|ALBERT SEPPI LINDWEG, 1|DORF TIROL|BZ|39019|91014010218||01|N||
VOLKST01|VOLKST01|00|VOLKSTANZGRUPPE|DORF TIROL|HASLACHSTRASSE, 37|DORF TIROL|BZ|39019|||01|N||
VOLKSTAN|VOLKSTAN|00|VOLKSTANZGRUPPE MERAN-UNTERMAIS|TRENKWALDER SILVIA|PICHLWEG, 1|LANA|BZ|39011|91001920213||01|N||
VOLLANER|VOLLANER|00|VOLLANER BADL|DES KARL GRUBER & CO. OHG|PLATZERS, 1|TISENS|BZ|39010|00680150216|T|01|N||
VORANERA|VORANERA|00|VORANERALM|REITERER MARIA|ASCHEL, 60|VORAN|BZ|39010|01221020215||01|N||
VORHAUSE|VORHAUSE|00|KONDITOREI|VORHAUSER WALTER|ROMSTRASSE, 94|BURGSTALL|BZ|39010|01328520216||01|N||
WAALRAST|WAALRAST|00|RESTAURANT WAALRAST|UNTERHOLZNER ROLAND|BRANDIS-WAALWEG, 5|LANA|BZ|39011|01683650210||01|N||
WAIDMANN|WAIDMANN|00|WAIDMANNALM|LADURNER CHRISTIAN|PIFFINGERWEG, 30|HAFLING|BZ|39010|03251780213||01|N||
WALDE|WALDE|00|GASTHOF WALDE KG|PRUNSTER ALOIS FLORIAN & CO.|VERNUER, 24|RIFFIAN|BZ|39010|03069990210||01|N||
WALDINGE|WALDINGE|00|REST. WALDINGER OHG|TINKHAUSER ERICH & CO.|DORFSTRASSE 5|VILPIAN|BZ|39010|00849580212||01|N||
WALDSC01|WALDSC01|00|WALDSCHENKE KG|DES PIRCHER WALTER & CO.|TALSTATION 565|ST. WALBURG / ULTEN|BZ|39016|01372550218||01|N||
WALLNOFE|WALLNOFE|00|WALLNOFER ELMAR|MARKET|HAUPTSTRASSE, 51|PRAD|BZ|39026|00147650212||01|N||
WARGERHO|WARGERHO|00|WARGERHOF|SCHWARZ KUNIGUNDE|SCHLANEIDERSTRASSE, 12|MOLTEN|BZ|39010|02616630212||01|N||
WEINBERG|WEINBERG|00|PENSION WEINBERG|DEMETZ JOSEF|KIRCHWEG, 20|RIFFIAN|BZ|39010|01289740217||01|N||
WEINGUT|WEINGUT|00|PENSION WEINGUT|RAFFEINER GOTTHARD|SCHALLHOFWEG, 19|MERAN|BZ|39012|01447100213||01|N||
WEISSE10|WEISSE10|00|GASTHAUS WEISSES ROSSL|TRATTER PAUL & CO. KG|LINTERWIESE, 144/C|ST.PANKRAZ|BZ|39010|01423270212||01|N||
WEISSE12|WEISSE12|00|GAST.WEISSES ROSSL TEISS|DES NAGELE HERMANN|MERANERSTRASSE,5|LANA|BZ|39011|01625170210||01|N||
WINZERHO|WINZERHO|00|PENS. WINZERHOF|KLOTZNER & HUBER A. OHG|SCHALLHOFWEG, 3A|MERAN|BZ|39012|00850550211||01|N||
WIRTSCHA|WIRTSCHA|00|INSITUT F.WIRTSCHAFTSFORDERUNG|010 FEST DES SUDTIROLER APFEL|PERATHONERSTRASSE, 10|BOZEN|BZ|39100|01716880214||01|N||
WORNDLE|WORNDLE|00|WORNDLE ROSA||GFALLWANDSTRASSE, 6|RABLAND PARTSCHINS|BZ|39020|00482140217||01|N||
WROSSL01|WROSSL01|00|RESTAURANT WEISSES ROSSL|PRISTER L.& S.|ROMSTRASSE, 135|BURGSTALL|BZ|39018|00749220216||01|N||
ZENI|ZENI|00|ZENI REMO SAS||VIA ROMA, 20|POSTAL|BZ|39014|00861780211|1|01|N||
ZERZER|ZERZER|00|MARKET ZERZER OHG|ZERZER JOHANN GEORG & CO.|GOFLAN,36|SCHLANDERS|BZ|39028|00759380215||01|N||
ZOGGEL02|ZOGGEL02|00|ZOGGELER FRANZ & CO. KG||ROMSTRASSE, 106|BURGSTALL|BZ|39014|00153560214||01|N||
ZOGGLERH|ZOGGLERH|00|PENSION ZOGGLERHOF|JOSEF ZOSCHG ERBEN|ST.WALBURG, 154|ULTEN|BZ|39016|02210190217||01|N||
